V_1,V_2,V_3,T_1,T_2,T_3,x_A1,x_A2,x_A3,x_B1,x_B2,x_B3,F_1,F_2,F_3,F_f1,F_f2,F_R,Q_1,Q_2,Q_3
1.0,1.1,2.1,412.1551798,414.6517314,420.5703471,0.697600128,0.602422106,0.422446289,0.297036238,0.388384854,0.56220443,14.459802078872306,18.48396725112999,9.668731844231715,7.869702006749818,5.357498505591015,11.256766738789153,734194.6694009333,597269.1711459772,573896.3292196712
1.0388888888888885,1.1111111111111107,2.077777777777779,412.0464894357336,414.26487258142737,420.6608906794261,0.6984985503921631,0.603800775008721,0.41914586972618606,0.2961581049669369,0.38699996857447566,0.5653889541019816,14.44619823000311,18.501386056465403,9.715191743335987,7.770553841677253,5.314447085721553,11.083051795733263,734194.6382662056,597269.1855322307,573896.3295475442
1.0756172839506166,1.1216049382716042,2.056790123456792,412.02406597931326,413.9441820636808,420.72003367382445,0.6979079353188749,0.6048748484821568,0.41636102073265974,0.29673898157006534,0.3859240214858825,0.5680705367677151,14.431155817740132,18.521652859820367,9.772123651645073,7.683775854911935,5.279797453602872,10.909931403157412,734194.6033929448,597269.1945773863,573896.3304728508
1.1103052126200263,1.131515775034293,2.0369684499314142,412.0626519805395,413.6842091664049,420.75388325998676,0.6962080350343713,0.6055637005785801,0.4140510298799353,0.2984031858658674,0.3852325410628354,0.5702899277025106,14.414715971883805,18.54395046652047,9.836441429289106,7.606832819017497,5.252462661074708,10.739181735399459,734194.5662560242,597269.1990296965,573896.3317497575
1.143066034141136,1.1408760097546098,2.0182479804907807,412.14456845085317,413.47864626805784,420.7679156817142,0.6936799949597218,0.6058336828958699,0.41216746469046045,0.30087300887956303,0.38495527739260593,0.5720951092267307,14.397007281427083,18.56761800208933,9.90582706745924,7.537896330386224,5.231437322298177,10.572004056766612,734194.5278513147,597269.1995976738,573896.3331665264
1.174006810022184,1.1497162314349099,2.0005675371301805,412.25727951250246,413.3210371786273,420.7669427743177,0.6905346215885068,0.6056815078538911,0.4106584514078901,0.3039405328097305,0.3850926240207214,0.5735371364982432,14.378208800318372,18.59213448499486,9.978529906279041,7.475625988813916,5.215817475110424,10.409204078023222,734194.4888586885,597269.1969265685,573896.3345454109
1.2032286539098405,1.1580653296885257,1.9838693406229484,412.39179707332715,413.20516910078555,420.7551226826813,0.6869316622757048,0.6051230474641494,0.40947161147213595,0.3074484404344142,0.3856266358776971,0.5746673006274413,14.35852315694127,18.617096039960934,10.053222876846391,7.41902288192057,5.204804018429491,10.251309248955089,734194.4497462548,597269.1915896115,573896.33574102
1.2308270620259607,1.1659505891502737,1.968098821699451,412.5416152640006,413.12527686057473,420.7359940367664,0.6829932353010212,0.60418575075759,0.4085560600415463,0.31127666499020057,0.3865284518131484,0.5755352129217114,14.338157846828144,18.64219319771016,10.128897892409158,7.367329606559642,5.197698089880187,10.098647826762095,734194.410838325,597269.1840874561,573896.3366378053
1.2568922252467405,1.1733977786419256,1.9532044427161488,412.7019853187256,413.07613376264317,420.7125249278798,0.6788133794662043,0.6029035065226584,0.40786370998087906,0.3153329086959746,0.38776329565456746,0.5761875687877163,14.317312902098779,18.66719091456858,10.20478878720516,7.319961061756709,5.193892821523627,9.95140367203046,734194.372360461,597269.1748519831,573896.3371471001
1.281509323844144,1.180431235384041,1.9391375292319188,412.8694151807729,413.0530763200201,420.68716769490993,0.674464950300571,0.6013131841846726,0.40735008438261927,0.3195458028852745,0.38929382279089814,0.5766673905400502,14.296173342617026,18.691912056641257,10.28031398442224,7.276456019834039,5.1928638114639565,9.809655163822024,734194.3344697573,597269.1642522208,573896.3372039903
1.3047588058528026,1.1870739445293716,1.925852110941257,413.04131949711456,413.0519911879835,420.6619152712048,0.6700046756350974,0.5994523274189477,0.4069747720629601,0.3238598983516049,0.39108233467837367,0.5770136165829279,14.274905084147738,18.716224231096856,10.355033482567212,7.236442958719233,5.1941595167533015,9.673403419743146,734194.297275438,597269.1526010804,573896.3367641998
1.3267166499720906,1.19334761427774,1.9133047714445208,413.2157719872524,413.0692812904215,420.6383565810636,0.6654769089709361,0.5973576493488955,0.4067016232686871,0.32823194930971666,0.3930922092019962,0.5772609412532934,14.253653255033715,18.740029510953846,10.428616344403727,7.199615807984239,5.197392160735194,9.542593113902198,734194.2608530083,597269.1401621653,573896.3358011032
1.3474546138625303,1.199272746817865,1.9014545063642694,413.3913285753398,413.10182177574166,420.61772918950413,0.6609164455147524,0.5950640857333449,0.4064987607324579,0.33262812767358163,0.3952887876232955,0.5774398315808368,14.232542122455065,18.76325651920573,10.500815959536085,7.165716655432214,5.202229417964889,9.417128041272644,734194.2252540557,597269.1271562526,573896.3343029402
1.367040468647945,1.204868705327983,1.8902625893440324,413.5669000335402,413.14691227271294,420.6009681859068,0.6563506542307522,0.5926042354825088,0.40633846212639424,0.3370219156290003,0.3976398861933274,0.5775766661279872,14.211676038432346,18.78585437132311,10.571451107616838,7.134523378818775,5.208386964037532,9.296882868627264,734194.1905130876,597269.1137672456,573896.3322702654
1.3855382203897255,1.2101537772542061,1.8796924454915862,413.74165964308236,413.202229271443,420.5887508051123,0.6518011046667721,0.5900080685413863,0.4061969556665609,0.3413924988405289,0.4001160501695977,0.5776939551993989,14.19114098239369,18.807788050410622,10.640391382618013,7.105840783321814,5.2156218863222135,9.181712063140363,734194.1566523243,597269.1001475122,573896.329713656
1.403008319256963,1.2151452340734168,1.8697095318531642,413.9149758603235,413.26578080077815,420.5815366207544,0.6472848165528343,0.5873028164188989,0.4060541600250198,0.3457235331821901,0.40269063310140474,0.5778106121599754,14.17100640526001,18.829034872251114,10.707545919268638,7.079494245504206,5.223726906501646,9.071456698042708,734194.1236850766,597269.0864226003,573896.3266516752
1.41950785707602,1.2198593877360047,1.8602812245279885,414.08636298732625,413.33586454194966,420.57960335728177,0.642815225093545,0.584512985324193,0.40589339172533734,0.35000219278140365,0.4053397598946829,0.577942253456339,14.151327175795771,18.849581773243766,10.77285463680312,7.0553251548047475,5.232525345874618,8.96594964048421,734194.0916181323,597269.0726953499,573896.3231090897
1.43509075390513,1.2243116439728932,1.8513767120542117,414.25544489902944,413.411029879239,420.5830785008282,0.6384029302510379,0.581660449323636,0.40570105712589666,0.35421843164636496,0.40804221499766585,0.5781015109008389,14.132145499914273,18.869423217675596,10.836281413951589,7.033187646345342,5.2418667579420255,8.865019494201384,734194.0604534474,597269.0590494515,573896.3191153235
1.4498079342437338,1.2285165526410655,1.8429668947178666,414.4219282956807,413.4900439989585,420.5919669699152,0.6340562807689815,0.5787645933672881,0.4054663414569019,0.3583644085786057,0.41077928484879017,0.5782983443230032,14.11349273358962,18.888559571292376,10.897808754312244,7.012946261736708,5.2516231534289775,8.768493576894677,734194.0301893483,597269.0455525012,573896.3147031339
1.463707493452415,1.2324878552721175,1.8350242894557627,414.58558293835677,413.5718619179098,420.60617515146686,0.6297818310143537,0.5758424849457106,0.4051809038297071,0.36243403765575394,0.4135345750093907,0.5785403461603517,14.095391044937003,18.906995827131645,10.957433608044184,6.994474276045855,5.261685747047183,8.676200145875036,734194.0008213875,597269.0322586128,573896.3099074899
1.4768348549272805,1.2362385299792218,1.8275229400415538,414.7462270234981,413.6556001939561,420.62553162721883,0.6255846994462769,0.5729090595499235,0.40483858442738135,0.36642263576560874,0.4162938161489274,0.5788330322004829,14.077854904818222,18.924740599045208,11.015164094913805,6.977652501634623,5.271962161032159,8.587970037001718,734193.9723429552,597269.0192106367,573896.3047646326
1.4892329185424316,1.239780833869265,1.8204383322614675,414.90371634987395,413.7405140072143,420.64980491830363,0.6214688506701622,0.5699773097298771,0.4044351280215244,0.37032664546755484,0.41904466855504907,0.5791801146894769,14.060892401064217,18.94180532027517,11.071016932727606,6.9623684317381835,5.282374026749173,8.503637845709807,734193.9447457185,597269.0064420415,573896.2993112978
1.50094220084563,1.2431263430987505,1.8137473138024969,415.0579362890676,413.82597727648414,420.6787185672914,0.6174373179210726,0.5670584708798434,0.4039679263960821,0.37414341652736294,0.42177653161030454,0.5795837555328243,14.044506381392893,18.958203600614596,11.125015419524988,6.948515624343995,5.292854931896691,8.423042751411352,734193.9180199394,597268.9939785008,573896.293584083
1.5120009674653165,1.2462859907043753,1.8074280185912466,415.20879582978364,413.91146547620707,420.7119638612523,0.613492378968852,0.5641621992779411,0.40343578108224804,0.3778710332877068,0.4244803623611514,0.5800447984452655,14.028695436058623,18.973950707520235,11.17718785148735,6.935993254288662,5.303348666765769,8.3460290653345,734193.8921547068,597268.9818392306,573896.2876189383
1.522445358161688,1.24927010233191,1.8014597953361773,415.35622315549193,413.99654083434683,420.74921047935675,0.6096356955152864,0.5612967396257034,0.4028386869325126,0.38150817793110253,0.4271485056528422,0.5805629797412427,14.013454734458564,18.989063145179397,11.227566284155754,6.924705781421655,5.313807728508092,8.272446565292308,734193.8671381101,597268.9700381103,573896.281450767
1.5323095049304831,1.252088429980137,1.7958231400397229,415.50016235393247,414.0808396145415,420.7901153261481,0.6058684239208529,0.5584690805561633,0.4021776364194692,0.38505402190238974,0.429774537134996,0.5811371180644387,13.998776731250834,19.003558311827714,11.27618556427394,6.914562697251594,5.3241920473759565,8.202150667796005,734193.8429573714,597268.9585846218,573896.2751131183
1.541625643545456,1.254750183870129,1.7904996322597388,415.64057095971606,414.16406121251043,420.83432978832025,0.6021913033823829,0.555685097438836,0.40145444408378134,0.3885081394562032,0.4323531196262526,0.5817652837848871,13.984651757658792,19.01745422021208,11.32308257486569,6.905478323161643,5.334467903419083,8.13500247752743,734193.8195989495,597268.9474846348,573896.2686379594
1.550424218904042,1.2572640625440101,1.7854718749119753,415.77741809020114,414.24595883978105,420.88150563293243,0.598604726998392,0.5529496821759854,0.4006715897068588,0.3918704379501301,0.43487987297673825,0.5824449495976939,13.971068513000894,19.030769269468045,11.368295648098199,6.897371641108235,5.344607006173736,8.0708687458657,734193.7970486252,597268.93674106,573896.262055514
1.558733984520484,1.2596382812915645,1.7807234374168657,415.9106830732436,414.32633152000636,420.93129972728826,0.595108797128382,0.5502668612424292,0.39983208098909306,0.3951411035946943,0.43735125612512343,0.5831731216978477,13.958014470412213,19.043522059177125,11.411864109871221,6.890166143460273,5.354585713487797,8.009621763482036,734193.775291574,597268.9263543937,573896.255394157
1.566582096491568,1.2618805989975885,1.7762388020048177,416.04035436571735,414.40501728520115,420.98337776451507,0.5917033708283913,0.5476399012878829,0.3989393323288134,0.3983205568566382,0.43976446185579776,0.583946454963313,13.945476209426944,19.055731238235698,11.453827927495775,6.883789692843887,5.364384368824813,7.951139206639256,734193.7543124302,597268.9163231696,573896.2486803541
1.5739942022420363,1.2639983434977222,1.77200331300455,416.1664286927061,414.48188738075106,421.0374171428816,0.5883880969873679,0.5450714035176727,0.39799705884703845,0.4014094159561641,0.44211732298153594,0.5847613530692765,13.933439686713239,19.067415382580336,11.49422743772532,6.878174385931008,5.373986739215597,7.895303952501976,734193.7340953462,597268.9066443329,573896.2419386402
1.5809945243397003,1.265998435525626,1.7680031289487417,416.2889103613494,414.5568413161382,421.0931091277758,0.5851624461963372,0.5425633879712645,0.39700918499006693,0.4044084674810589,0.444408228793419,0.5856140542704571,13.921890454884522,19.078592896900975,11.533103137108753,6.873256417341569,5.383379538512256,7.842003875278268,734193.7146240479,597268.8973135503,573896.2351916265
1.5876059396541615,1.2678874113297576,1.7642251773404785,416.4078106887921,414.6298026478768,421.15016041326743,0.5820257352193677,0.5401173683643126,0.39597976609110147,0.40731864226884834,0.4466360510526863,0.5865007044979398,13.910813838011176,19.089281936322482,11.570495520399943,6.868975941435313,5.39255202277957,7.791131632214771,734193.6958818883,597268.8883254665,573896.2284600328
1.5938500541178189,1.2696714440336603,1.7606571119326742,416.52314750851156,414.70071538676893,421.2082941837058,0.5789771472123332,0.5377344183552373,0.3949129216198593,0.4101409954372339,0.4488000786250465,0.5874174190663084,13.900195071255123,19.099500344710027,11.606444955776418,6.865276930909415,5.401495646563813,7.742584446226899,734193.6778518988,597268.8796739149,573896.2217627376
1.5997472733334952,1.2713563638095675,1.757287272380859,416.6349447294415,414.7695409366754,421.2672507621926,0.5760157485928946,0.535415230071131,0.39381277890738897,0.4128766896817047,0.45089995989265025,0.5883603342194695,13.89001941096281,19.109265606798385,11.640991588040094,6.862107031912022,5.410203770438436,7.696263890160801,734193.6605168408,597268.8713520925,573896.2151168429
1.6053168692594122,1.2729476769312578,1.7541046461374779,416.7432319299012,414.83625548520723,421.32678792064735,0.5731405032732284,0.5331601656857355,0.39268342620316105,0.4155269811477722,0.45293565212787107,0.5893256496661379,13.880272220584095,19.118594811792157,11.674175262913279,6.8594174159179975,5.418671411666317,7.652075676270001,734193.6438592538,597268.863352703,573896.2085377487
1.6105770431894448,1.2744505837684101,1.751098832463174,416.8480439739843,414.9008477782493,421.38668091544235,0.5703502848146693,0.530969302790708,0.391528873998665,0.41809320733474997,0.454907377070185,0.5903096631726211,13.870939036933574,19.12750462645421,11.70603546709618,6.857162628958968,5.426895031064543,7.609929453378293,734193.6278615053,597268.8556680757,573896.2020392356
1.6155449852344754,1.2758699957812758,1.7482600084374424,416.9494206422332,414.9633172202166,421.4467223031287,0.567643886942719,0.5288424742447556,0.39035302363241003,0.420576776606239,0.4568155820086056,0.5913087981948849,13.862005620570123,19.136011276010596,11.736611279992024,6.855300439005448,5.4348723502319425,7.569738613334824,734193.6125058368,597268.8482902622,573896.1956335513
1.6202369304992268,1.2772105515712049,1.7455788968575847,417.0474062714738,415.02367225057026,421.50672158248625,0.5650200327652025,0.5267793031267277,0.3891596422727323,0.42297915897598476,0.45866090573428003,0.5923196254464311,13.853457993431753,19.144130531462743,11.765941333991798,6.853791682402734,5.442602194222935,7.531420107700827,734193.5977744097,597268.8412111168,573896.1893315002
1.6246682121381584,1.2784766320394712,1.7430467359210522,417.14204940089724,415.08192895455227,421.5665047019082,0.5624773829602243,0.5247792333607386,0.3879523434554998,0.4253018779120352,0.46044414878879614,0.5933388792147833,13.84528246631605,19.151877702120863,11.794063780990863,6.852600110293331,5.450084355541648,7.494894275101647,734193.5836493503,597268.8344223623,573896.1831425333
1.6288533114638162,1.279672374703945,1.7406552505921051,417.2334024230295,415.1381098724818,421.6259134648599,0.5600145431406616,0.5228415565251877,0.38673457243163056,0.427546502960391,0.4621662474922685,0.5943634691592619,13.837465658331695,19.159267632362777,11.821016263423221,6.851692235938665,5.457319476004761,7.460084679300906,734193.570112791,597268.8279156451,573896.1770748384
1.632805905271382,1.2808016872203924,1.7383966255592103,417.32152123931303,415.19224297741636,421.6848048607333,0.5576300705543302,0.5209654353043407,0.38550959565385556,0.4297146430355135,0.46382825129029287,0.5953904882465685,13.829994510054112,19.166314701784877,11.84683588857762,6.851037183798486,5.464308943594792,7.426917957779734,734193.5571469109,597268.8216825793,573896.1711354286
1.6365389105340826,1.2818682601525933,1.73626347969481,417.4064649025169,415.2443608090616,421.7430503375367,0.5553224810844226,0.519149923861423,0.3842804931690228,0.43180793940985973,0.4654313031218395,0.5964172180039555,13.822856291788758,19.173032828050527,11.871559205329445,6.850606541149937,5.47105480191113,7.395323680411585,734193.5447339746,597268.8157147845,573896.1653302278
1.6400645266155225,1.282875579033005,1.734248841933987,417.48829531628553,415.294499689644,421.80053505793416,0.5530902534365583,0.517393986066414,0.3830501557852057,0.4338280615560607,0.46697662194413775,0.5974411293473972,13.816038608070679,19.17943547185974,11.895222182704373,6.850374212939123,5.477559670235681,7.365234217694723,734193.5328563674,597268.8100039159,573896.1596641544
1.6433942751368822,1.2838269357533936,1.73234612849321,417.5670769035574,415.3426990742604,421.85715712622,0.5509318346956151,0.5156965110380354,0.38182128346451594,0.43577670160966386,0.4684654878677391,0.5984598823434981,13.809529399300969,19.185535643564425,11.917860189901786,6.850316280462877,5.483826672574147,7.33658461792553,734193.5214966292,597268.8045416905,573896.1541412005
1.646539037629277,1.2847254393226495,1.7305491213546986,417.6428762782005,415.38900099196155,421.91282680662624,0.5488456458048175,0.5140563267059639,0.38059638564107046,0.43765556892670865,0.4698992292294386,0.5994713242458167,13.803316941232765,19.191345911039022,11.939507977562162,6.85041086438248,5.489859374321916,7.309312492655088,734193.510637486,597268.7993199078,573896.1487645087
1.6495090910943169,1.2855740260269464,1.7288519479461046,417.71576193656404,415.43344955310374,421.9674657496527,0.5468300862702001,0.512472211758967,0.37937778363036934,0.43946638544128164,0.471279211254391,0.6004734856576041,13.797389842865424,19.1968784084885,11.960199660174876,6.850637992477481,5.49566172544342,7.283357909759145,734193.5002618779,597268.7943304678,573896.1435364439
1.6523141415890767,1.2863754690254492,1.7272490619490986,417.7858039597272,415.47609052080685,422.0210062304777,0.5448835386024593,0.5109429060773761,0.37816761446111247,0.4412108813056463,0.47260682620147837,0.6014645754547154,13.791737043180348,19.202144845936214,11.979968699600489,6.850979472459303,5.501238009252858,7.25866329346051,734193.4903529863,597268.7895653854,573896.1384586623
1.654963355945239,1.2871323874129244,1.7257352251741487,417.85307372749793,415.51697093738755,422.0733904055767,0.5430043725160038,0.5094671198411017,0.37696783584921373,0.4428907907935642,0.47388348480300846,0.6024429747340824,13.786347807050593,19.207156519185055,11.998847889732565,6.851418770082161,5.506592796048288,7.23517333066682,734193.4808942571,597268.7850168032,573896.1335321753
1.6574653917260593,1.2878472547788724,1.724305490442252,417.9176436450654,415.5561387980848,422.1245695922251,0.5411909488993831,0.5080435414801581,0.37578023207110134,0.444507848452606,0.47511060883409273,0.6034072300164557,13.781211720575463,19.211924320087483,12.01686934235458,6.851940892714211,5.51173090098619,7.2128348830208395,734193.4718694224,597268.7806770013,573896.1287574104
1.6598284255190559,1.2885224072911576,1.7229551854176828,417.9795868830557,415.5936427656121,422.1745035743621,0.5394416235670796,0.5066708446132906,0.3746064205268602,0.4460637854950483,0.47628962466838753,0.6043560458993932,13.776318686026775,19.216458746994864,12.03406447426264,6.8525322784649685,5.516657345693694,7.1915969041014165,734193.4632625193,597268.7765384064,573896.1241342683
1.6620601796568861,1.2891600513305375,1.7216798973389225,418.0389771315711,415.6295319200858,422.2231599372953,0.537754750799701,0.5053476941015044,0.37344785881358167,0.44756032641958643,0.47742195769559087,0.605288277327432,13.771658916542945,19.220769915285295,12.050463995728649,6.853180690906041,5.521377323205421,7.171410361257649,734193.4550579075,597268.7725935983,573896.1196621748
1.6641679474537252,1.2897622707010632,1.7204754585978712,418.0958883686345,415.66385553973345,422.2705134329112,0.5361286866777231,0.5040727513267925,0.37230585215565004,0.4489991858577158,0.47850902749245927,0.6062029216208121,13.767222930667662,19.22486756789239,12.06609790037431,6.8538751193710254,5.52589616588429,7.152228161605119,734193.4472402829,597268.7688353165,573896.1153401316
1.6661586170396294,1.290331033439893,1.7193379331202114,418.1503946433084,415.6966629084905,422.3165453763933,0.5345617922125108,0.5028446787919774,0.37118156106214406,0.45038206563984884,0.4795522436533479,0.6070991103814815,13.763001546799739,19.228761085776277,12.080995456516815,6.8546056847765025,5.530219316043903,7.1340050817590255,734193.4397946905,597268.7652564646,573896.1111667609
1.668038693870761,1.2908681982487873,1.7182636035024217,418.2025698735936,415.72800314720047,422.36124307489524,0.5330524362785343,0.5016621441249168,0.370076009101549,0.4517106520758869,0.4805530021987626,0.607976101375842,13.758985877598061,19.232459498293302,12.09518520003373,6.855363550869063,5.534352299036643,7.1166977009239085,734193.4327065349,597268.761850114,573896.1071403492
1.669814321989052,1.291375520568299,1.7172489588633983,418.25248765911397,415.75792506560526,422.4045992882058,0.5315989983490167,0.5005238235595898,0.36899009070281646,0.452986613446528,0.4815126824910011,0.6088332704756982,13.75516732436869,19.235971493432647,12.10869492877961,6.856140840772675,5.538300698608614,7.10026433700232,734193.4259615891,597268.7586095078,573896.1032588863
1.6714913041007713,1.2918546583145045,1.7162906833709872,418.30022110844715,415.78647703273896,422.44661172108283,0.5301998710384247,0.4994284049569125,0.3679245789068408,0.45421159770033787,0.48243264459543217,0.6096701037245265,13.75153757144917,19.2393054278976,12.121551698570796,6.856930558685784,5.54207013435172,7.084664985424895,734193.4195460007,597268.7555280625,573896.0995201011
1.6730751205396175,1.292307177297032,1.7153856454059324,418.34584268086684,415.8137068636779,422.4872825466656,0.5288534624551658,0.4983745904199756,0.3668801330062628,0.4553872303516082,0.48331422703395804,0.6104861895830669,13.748088580596638,19.242469337016278,12.133781820739053,6.857726516557887,5.545666241106076,7.06986126044129,734193.4134462974,597268.7525993695,573896.0959214966
1.6745709471763053,1.2927345563360855,1.7145308873278249,418.3894240307315,415.8396617285099,422.52661794899836,0.5275581989540665,0.49736109851178467,0.3658573057195262,0.4565151119927401,0.48415874491759336,0.6112812116713591,13.744812585380924,19.245470944472093,12.145410861239347,6.858523265560195,5.549094650183916,7.0558163386453465,734193.4076493903,597268.7498171973,573896.0924603802
1.6759836723331776,1.2931381920951914,1.7137236158096123,418.43103589999873,415.86438805026313,422.5646277284253,0.5263125259331196,0.4963866663244785,0.3648565510923219,0.4575968177584628,0.48496748823580543,0.6120549409248746,13.741702085580375,19.248317671848344,12.156463641283153,6.859316032154002,5.552360972300008,7.04249490453851,734193.4021425761,597268.747175491,573896.0891338919
1.6773179127591116,1.2935194036454583,1.7129611927090784,418.4707479923145,415.8879314381045,422.6013249046087,0.5251149100922933,0.4954500510520012,0.363878231298397,0.45863389534089277,0.48574172061237697,0.6128072288191228,13.738749841576576,19.251016647984134,12.166964239455748,6.8601006585528275,5.555470782104484,7.029863097962991,734193.3969135375,597268.7446683727,573896.0859390311
1.6785780287169385,1.293879436776266,1.7122411264474633,418.5086288651409,415.910336626471,422.6367253516211,0.5239638412404941,0.49455003137969944,0.3629226233358886,0.45962786346183526,0.4864826782381526,0.6135380007530534,13.735948868743503,19.25357471814097,12.176935995264946,6.860873547369992,5.558429604222344,7.017888463260574,734193.3919503435,597268.7422901415,573896.0828726804
1.6797681382326646,1.2942194680664734,1.7115610638670482,418.54474583734753,415.9316474211857,422.67084746231075,0.5228578337618524,0.4936854086791147,0.3619899255387598,0.4605802106881487,0.487191568991107,0.6142472496621347,13.733292431827037,19.255998452980734,12.186401514059156,6.861631610241382,5.561242900710524,7.006539900034548,734193.3872414464,597268.7400352727,573896.0799316273
1.6808921305530715,1.2945406087294467,1.7109187825411012,418.5791649083474,415.95190665421535,422.7037118373319,0.5217954279215979,0.49285500800506454,0.36108026380280916,0.4614923944091969,0.4878695717451545,0.6149350299487524,13.730774039311612,19.258294157356485,12.195382673244662,6.862372220213504,5.563916059848542,6.9957876154109515,734193.3827756805,597268.7378984159,573896.0771125845
1.6819536788556786,1.2948439082444774,1.7103121835110402,418.6119506881672,415.9711561462537,422.73534099760343,0.5207751910178695,0.49205767891647395,0.3601936975188925,0.46236583996870806,0.4885178358465733,0.6156014517330858,13.728387437771966,19.260467878918146,12.203900629725833,6.863093167689078,5.566454386182978,6.9856030777116835,734193.3785422575,597268.7358743949,573896.0744122079
1.6829562522525852,1.2951303577864506,1.7097392844270936,418.64316633782687,415.9894366763956,422.7657591189592,0.519795718386082,0.4912922961398805,0.3593302252098675,0.4632019399431641,0.4891374807393765,0.6162466754241491,13.726126606209395,19.262525416535198,12.211975828487116,6.863792619726094,5.568863091749448,6.975958971466054,734193.3745307628,597268.7339582049,573896.0718271134
1.6839031271274416,1.2954008934649808,1.709198213070033,418.67287351940166,416.00678795823876,422.7949917877723,0.51885563426272,0.4905577600923454,0.35848978987097013,0.4640020535586935,0.48972959572309344,0.6168709066078486,13.723985750373282,19.26447232853854,12.219628012232235,6.864469082491117,5.5711472883987,6.96682915369921,734193.3707311496,597268.7321450104,573896.0693538914
1.6847973978425839,1.2956563993835926,1.7086872012328087,418.70113235513827,416.02324862181206,422.82306577635524,0.5179535925156065,0.489852997278612,0.35767228401597684,0.46476750623835034,0.4902952398282577,0.6174743912466006,13.721959297070121,19.26631394078353,12.226876231993923,6.865121366673478,5.573311981156101,6.958188611446076,734193.367133734,597268.7304301437,573896.066989121
1.6856419868513288,1.2958977105289486,1.7082045789420977,418.728001395003,416.03885620078285,422.85000883697364,0.5170882772477915,0.48917696057571225,0.3568775544336655,0.46549958927166846,0.49083544179649596,0.618057411183195,13.720041888463513,19.268055354535992,12.233738858626605,6.8657485556735605,5.575362062546132,6.950013420447748,734193.3637291878,597268.7288091015,573896.0647293815
1.6864396542484772,1.2961256154995624,1.70774876900087,418.75353759205007,416.0536471244393,422.87584951334253,0.5162584032823005,0.48852862941680547,0.35610540666081153,0.46619955959837694,0.4913512001534966,0.6186202799401452,13.718228376369808,19.269701454182815,12.240233595094354,6.866349976385574,5.577302307815903,6.942280704994374,734193.360508532,597268.7272775429,573896.062571264
1.6871930067902283,1.2963408590829195,1.707318281834155,418.77779628501503,416.0676567139902,422.90061696851654,0.5154627165349449,0.4879070098847962,0.3553556091793448,0.46686863969829406,0.49184348336434236,0.6191633388046303,13.716513816555008,19.271256914768372,12.24637748946759,6.866925172402672,5.5791373709938785,6.934968598884135,734193.3574631296,597268.7258312857,573896.0605113807
1.6879045064129934,1.2965441446894237,1.706911710621146,418.80083118755385,416.08091918275517,422.92434082813,0.5146999942823548,0.48731113472520465,0.35462789734635597,0.46750801757955435,0.49231323006175204,0.6196869531882938,13.714893463039392,19.272726209357902,12.252186948543478,6.8674738794801415,5.580871781722329,6.928056207472616,734193.3545846776,597268.7244663037,573896.058546374
1.688576478278938,1.2967361366511223,1.7065277266977492,418.8226943835668,416.0934676398571,422.9470510379809,0.5139690453323965,0.4867400632868193,0.35392197706641754,0.4681188468574137,0.49276134933870397,0.6201915092506014,13.713362762416942,19.274113616228725,12.257677752007508,6.867996003100272,5.582509942804278,6.921523570790403,734193.3518651994,597268.7231787235,573896.0566729238
1.6892111183745528,1.2969174623927266,1.706165075214541,418.8434363280748,416.1053340970519,422.9687777350048,0.5132687101037982,0.48619288139784084,0.35323752821633186,0.46870224691629514,0.49318872109772843,0.620677410773998,13.711917348197089,19.275423225890012,12.26286506705651,6.868491597990473,5.584056128408056,6.915351627709588,734193.3492970364,597268.7219648206,573896.0548877553
1.6898105006870774,1.2970887144820198,1.7058225710359556,418.8631058446132,416.1165494828354,422.9895511194324,0.5125978610651797,0.4856687011926363,0.35257420770578196,0.46925930271843713,0.4935961964449705,0.6211450763892402,13.710553035176629,19.27665894793174,12.267763463406677,6.868960849454171,5.585514482874961,6.90952218114193,734193.3468728397,597268.7208210167,573896.0531876434
1.69037658398224,1.2972504525663515,1.7054990948672917,418.8817501509601,416.12714364564494,423.0094013703657,0.5119554018468244,0.4851666609013432,0.351931652683495,0.4697910658953335,0.49398459810685064,0.6215949367048547,13.709265813849727,19.277824517703333,12.272386928613908,6.869404056381806,5.58688902007791,6.904017864252978,734193.3445855614,597268.7197438756,573896.0515694196
1.6909112182054487,1.2974032052015538,1.7051935895968866,418.8994148708364,416.1371453705887,423.02835854763174,0.5113402672472821,0.484685924538073,0.3513094832249595,0.47029855495972483,0.49435472094281435,0.6220274319167551,13.708051844864023,19.278923502822547,12.27674888363746,6.869821615816903,5.588183623281476,6.898822107677449,734193.3424284463,597268.7187300993,573896.0500299752
1.6914161505273682,1.2975474715792448,1.7049050568415043,418.91614404797855,416.1465823982543,423.0464525019818,0.510751423236114,0.4842256815712934,0.3507073048073852,0.47078275551666654,0.49470733246986454,0.6224430096283458,13.70690745353063,19.27995930951508,12.280862198582176,6.870214008959672,5.589402045456127,6.893919107721826,734193.3403950228,597268.7177765248,573896.0485662661
1.6918930310536255,1.297683723158175,1.7046325536836426,418.9319801675959,416.15548144260754,423.0637128002955,0.5101878666760271,0.4837851465734809,0.35012471065564293,0.47124462074049106,0.49504317339912757,0.6228421228063006,13.705829124395683,19.28093518878554,12.284739208558614,6.870581788497759,5.590547910002003,6.88929379554041,734193.3384790947,597268.7168801206,573896.0471753153
1.692343418217313,1.2978124052049431,1.704375189590107,418.94696418067844,416.16386821037565,423.08016865935485,0.5096486249919095,0.48336355883918264,0.3495612839048957,0.4716850718958202,0.49536295819625326,0.623225227917056,13.704813495880712,19.2818542424204,12.288391729604529,6.870925567160779,5.591624711840046,6.88493180727117,734193.3366747318,597268.7160379817,573896.0458542161
1.692768783871907,1.2979339382491126,1.704132123501768,418.96113553079556,416.17176742170307,423.0958488875371,0.5091327557921602,0.4829601819755932,0.3490165995901385,0.4721049988972061,0.4956673756615879,0.6235927832330568,13.70385735499881,19.282719428823697,12.291831074615594,6.871246007401885,5.592635818830777,6.880819455117539,734193.3349762621,597268.7152473271,573896.044600134
1.6931705181012453,1.298048719457495,1.703902561085003,418.9745321830508,416.1792028318853,423.11078183381227,0.5086393464473783,0.48257430346939995,0.3484902264726088,0.47250526090234835,0.4959570895264233,0.6239452472981367,13.702957632153023,19.28353356868645,12.295068069237205,6.871543812116018,5.5935844734834355,6.876943699362028,734193.3333782622,597268.7145054953,573896.0434103088
1.6935499337622875,1.2981571239320784,1.7036857521358364,418.9871906548812,416.18619725400237,423.1249953434696,0.5081675136312168,0.48220523423332834,0.34798172871273536,0.47288668693414865,0.49623273906196275,0.6242830775417949,13.702111396023025,19.284299350490834,12.298113067673313,6.871819716310612,5.594473794920598,6.873292121297156,734193.3318755497,597268.7138099407,573896.0422820554
1.693908270775494,1.2982595059358517,1.7034809881282897,418.99914604841126,416.1927725822857,423.1385167200325,0.5077164028279293,0.48185230813552843,0.3474906673989551,0.4732500765271663,0.49649493969795083,0.6246067290325236,13.701315848545523,19.285019335850315,12.300975968372406,6.872074479650223,5.595306781065756,6.869852897058671,734193.3304631744,597268.7131582301,573896.041212765
1.6942467001768555,1.2983562000505264,1.7032875998989407,419.0104320840986,416.19894981606996,423.15137269285276,0.5072851878108661,0.48151488151467536,0.3470166019413868,0.4735962003943556,0.49674428364819584,0.6249166533607623,13.700568319993407,19.28569596468721,12.303666229554311,6.87230887980211,5.596086311023605,6.8666147723455895,734193.3291364097,597268.7125480382,573896.0401999061
1.694566327944808,1.2984475222699416,1.7031049554601108,419.021081135425,416.2047490841907,423.16358938991056,0.5068730700959002,0.4811923326834108,0.3465590913389828,0.47392580111026983,0.4969813405404748,0.6252132976424747,13.699866264157981,19.28633156024924,12.306192884545442,6.872523706514942,5.596815147624959,6.8635670380109834,734193.3278907448,597268.7119771449,573896.0392410238
1.6948681986145409,1.2985337710327225,1.702932457934549,419.0311242644088,416.2101896697038,423.1751923153754,0.5064792783734985,0.48088406142252665,0.34611769532841125,0.47423959380719993,0.4972066580485488,0.6254971036347666,13.699207253638221,19.286928333966816,12.308564556893392,6.872719756367669,5.597495940110423,6.8606995065069425,734193.3267218767,597268.7114434307,573896.0383337408
1.695153298691511,1.298615228197571,1.702769543604852,419.0405912577359,416.2152900348108,423.18620633151266,0.5061030679229059,0.48058948846808336,0.34569197542253904,0.47453826688099826,0.49742076252423817,0.6257685069553953,13.698588975240346,19.287488390153086,12.310789475235437,6.872897828130277,5.598131226928909,6.8580024891666636,734193.3256257025,597268.7109448739,573896.0374757567
1.6954225598753159,1.2986921599643722,1.7026156800712489,419.04951066332166,416.22006784588865,423.19665564454823,0.5057437200116428,0.4803080549934622,0.34528149584601625,0.4748224827036137,0.49762415962771195,0.626027936398439,13.69800922549051,19.288013730548784,12.312875487898273,6.8730587186823575,5.598723438629099,6.855466774306047,734193.3245983109,597268.7104795463,573896.0366648474
1.6956768621044649,1.2987648177441287,1.702470364511735,419.0579098271352,416.2245399985305,423.20656379413026,0.5054005412833096,0.4800392220881748,0.34488582437508036,0.4750928783395927,0.49781733495433245,0.6262758133388131,13.697465906262902,19.28850625871424,12.314830077209747,6.873203219439613,5.599274900823785,6.853083606126854,734193.3236359758,597268.7100456107,573896.0358988649
1.6959170364319947,1.2988334389805656,1.7023331220388604,419.06581493013425,416.2287226425123,423.2159536460521,0.5050728631364186,0.47978247023508486,0.34450453308833767,0.47535006626408494,0.49800075465657445,0.6265125512187244,13.696957020525048,19.28896778427097,12.316660373505686,6.873332113242118,5.599787837208789,6.850844664402964,734193.3227351484,597268.7096413162,573896.0351757356
1.6961438677413283,1.2988982479260893,1.7022035041478125,419.0732510251726,416.23263120661153,423.22484738792315,0.5047600410967846,0.4795372987875437,0.34413719903491174,0.47559463508009014,0.4981748660596962,0.6267385551095529,13.69648066820164,19.28940002699545,12.318373168817901,6.873446171661767,5.600264372619854,6.848742044931019,734193.3218924499,597268.7092649962,573896.0344934603
1.6963580973112542,1.2989594563746398,1.7020810872507117,419.08024207375826,416.23628042321013,423.23326652749705,0.5044614541857972,0.47930322544780524,0.3437834048259994,0.4758271502328998,0.49834009826998943,0.6269542213430324,13.696035042157746,19.289804620767825,12.319974930231636,6.873546152689639,5.60070653611245,6.84676824072641,734193.3211046653,597268.708915064,573896.0338501127
1.6965604252384066,1.2990172643538263,1.7019654712923384,419.08681098255124,416.239684352623,423.2412318933891,0.5041765042866563,0.4790797857479422,0.34344273915553386,0.4760481547199342,0.4984968627745782,0.6271599372059743,13.695618424301893,19.290183117378366,12.321471812903033,6.873632798767159,5.601116264050933,6.844916123945353,734193.3203687358,597268.7085900104,573896.0332438376
1.6967515127251618,1.2990718607786134,1.701856278442764,419.09297963950564,416.2428564070982,423.2487636379313,0.5039046155105354,0.4788665325343764,0.34311479725531996,0.47625816979429253,0.4986455540318556,0.6273560806931359,13.69522918180907,19.290536990194738,12.322869672729313,6.87370683512774,5.601495403194881,6.843178928513581,734193.319681753,597268.7082884002,573896.0326728503
1.6969319842404307,1.29912342406869,1.7017531518626101,419.0987689495691,416.24580937444523,423.25588124193564,0.503645233564383,0.4786630354570112,0.34279918128969306,0.47645769566059426,0.49878655005177364,0.6275430203131739,13.694865763463351,19.29086763769304,12.324174078666147,6.873768968418358,5.601845713771724,6.841550233442122,734193.3190409523,597268.7080088692,573896.0321354347
1.6971024295604067,1.2991721227315403,1.7016557545369098,419.10419886915196,416.24855544142764,423.26260352021654,0.5033978251561707,0.4784688804694706,0.34249550069478235,0.47664721212991995,0.4989202129612086,0.6277211149432124,13.69452669611955,19.291176386855852,12.32539032468851,6.8738198855729715,5.602168872526002,6.840023946810531,734193.318443706,597268.7077501215,573896.0316299419
1.69726340569594,1.2992181159131215,1.7015637681737483,419.10928843884017,416.2511062168917,423.26894862715955,0.5031618774590193,0.4782836693483882,0.34220337247067645,0.47682717921466156,0.49904688954818255,0.6278907137251245,13.694210581282919,19.29146449644044,12.326523441392858,6.873860252912041,5.6024664757366835,6.8385942903979435,734193.3178875193,597268.7075109263,573896.0311547886
1.6974154387128324,1.2992615539179477,1.7014768921640957,419.11405582403296,416.2534727522438,423.27493407480756,0.5029368971707104,0.47810701915486187,0.34192242141932516,0.4769980380945327,0.49916691184045486,0.6280521560008022,13.693916091805763,19.291733160120486,12.327578207239915,6.873890715444519,5.602740042195045,6.83725578494236,734193.3173700223,597268.7072901154,573896.0307084554
1.6975590254510085,1.2993025787002837,1.7013948425994236,419.1185183440669,416.25566556465157,423.28057673759207,0.5027224101071383,0.47793856176797056,0.3416522803385051,0.4771602115778565,0.499280597629113,0.6282057712915472,13.693641968699447,19.29198350950459,12.328559159438576,6.873911896350735,5.6029910161365555,6.836003236008657,734193.316888966,597268.7070865805,573896.0302894854
1.6976946351481748,1.2993413243280452,1.7013173513439002,419.12269250476965,416.25769465828455,423.2858928637705,0.5025179605984331,0.47777794340938967,0.341392590179378,0.477314104742959,0.4993882509887782,0.6283518793047767,13.693387018060172,19.29221661703494,12.329470604472728,6.873924396626389,5.603220770121101,6.834831720445952,734193.3164422166,597268.7068992702,573896.0298964821
1.697822710973276,1.2993779174209312,1.701244165158128,419.1265940302531,416.2595695450216,423.2908980877115,0.5023231108940837,0.4776248241764105,0.34114300016799604,0.47746010556614715,0.4994901627851192,0.6284907899697458,13.69315010810662,19.292433498769533,12.3303166282736,6.873928794869641,5.603430607856673,6.83373657341514,734193.31602775,597268.7067271881,573896.029528108
1.6979436714747609,1.2994124775642126,1.7011750448715652,419.13023789391906,416.2612992646104,423.2956074429008,0.5021374405778213,0.47747887758378904,0.3409031678939086,0.47759858553576173,0.49958661116944975,0.628622803499245,13.692930166327457,19.29263511705134,12.331101106041473,6.873925647194781,5.603621766962433,6.832713375967607,734193.3156436471,597268.70656939,573896.0291830825
1.6980579119483854,1.299445117699534,1.7011097646009226,419.13363834865544,416.26289240426905,423.3000353755485,0.5019605459929324,0.4773397901147877,0.34067275936881586,0.4777299002518917,0.49967786206024967,0.6287482104744441,13.692726176736482,19.292822383067783,12.33182771172108,6.873915487257533,5.603795421667711,6.831757943156383,734193.3152880889,597268.7064249815,573896.0288601808
1.6981658057290308,1.299475944494004,1.7010481110119824,419.13680895620075,416.2643571177248,423.304195758683,0.5017920396788995,0.477207260781784,0.3404514490580483,0.4778543900111163,0.49976416961145237,0.6288672919502554,13.692537177233094,19.29299615930394,12.332499927135965,6.8738988263782685,5.603952685444122,6.83086631266129,734193.3149593521,597268.706293116,573896.0285582311
1.6982677054107516,1.2995050586887815,1.700989882622428,419.1397626156908,416.26570114367865,423.3081019066655,0.5016315498186471,0.47708100069644915,0.34023891988730315,0.47797238037713885,0.49984577666762126,0.6289803195788637,13.69236225706569,19.29315726189282,12.333121050787549,6.8738761537507695,5.604094613568555,6.830034733909915,734193.3146558045,597268.7061729922,573896.0282761141
1.6983639439990432,1.2995325554282933,1.700934889143404,419.1425115913571,416.2669318237021,423.31176659000437,0.501478719697922,0.4769607326498648,0.34003486322708326,0.47808418273608794,0.49992291520589394,0.6290875557491661,13.69220055439545,19.29330646286606,12.333694206325276,6.873847936725229,5.60422220561529,6.8292596576766025,734193.3143759008,597268.7060638524,573896.0280127603
1.698454835999096,1.2995585245711658,1.7008829508576593,419.14506753935785,416.2680561195657,423.3152020503735,0.5013332071778013,0.47684619070292444,0.33983897885716874,0.4781900948357743,0.49999580676458494,0.6291892537399894,13.692051253957917,19.29344449230836,12.334222350694585,6.87381462115529,5.604336407875977,6.828537726141989,734193.3141181783,597268.70596498,573896.0277671489
1.698540678443591,1.2995830509838786,1.700833898032234,419.147441533775,416.2690806299953,423.31842001580134,0.5011946841790479,0.47673711978683486,0.3396509749129993,0.47829040131026807,0.5000646628587196,0.6292856578852934,13.691913584819758,19.293572040418898,12.334708281969885,6.873776631799851,5.604438115706585,6.827865763395973,734193.3138812536,597268.7058756978,573896.0275383056
1.6986217518633917,1.2996062148181073,1.7007875703637765,419.1496440917678,416.2700116068642,423.32143171594714,0.5010628361791413,0.47663327531388006,0.3394705678159153,0.4783853741892132,0.5001296853825498,0.6293770037496002,13.691786818228012,19.29368975948296,12.335154646880012,6.873734372771311,5.604528175800868,6.827240766367429,734193.3136638178,597268.7057953663,573896.0273253014
1.6986983212043143,1.2996280917726568,1.700743816454678,419.1516851978871,416.27085497082567,423.3242478974069,0.5009373617221214,0.4765344227984813,0.33929748218901035,0.47847527339193197,0.5001910669991844,0.6294635183120575,13.691670265549085,19.293798265756962,12.335563948033862,6.873688228022676,5.6046073883901375,6.826659896164319,734193.3134646339,597268.7057233816,573896.0271272507
1.6987706366929634,1.2996487533408423,1.7007024933183068,419.1535743275601,416.27161632639314,423.32687883899365,0.5008179719413343,0.47644033748855724,0.33913145076021645,0.4785603472064138,0.5002489915174989,0.6295454201576894,13.691563276294824,19.29389814126998,12.335938550854184,6.87363856186674,5.604676509369513,6.82612046980833,734193.3132825329,597268.7056591735,573896.0269433096
1.6988389346544654,1.2996682670441286,1.7006634659117346,419.1553204697541,416.272300976476,423.32933436694606,0.500704390095131,0.47635080400716107,0.3389722142541183,0.4786408327533061,0.5003036342565043,0.6296229196745035,13.691465236232888,19.29398993554481,12.336280690227522,6.873585719521261,5.6047362523510325,6.82561995234853,734193.3131164103,597268.7056022049,573896.0267726746
1.6989034382847727,1.2996866966527878,1.700626606694416,419.15693214883237,416.2729139363802,423.3316238700223,0.5005963511155161,0.47626561600434414,0.3388195212738781,0.47871695643507806,0.50035516239738,0.6296962192552492,13.691375565578733,19.29407416724159,12.33659247687859,6.873530027674609,5.604787290644239,6.825155949338976,734193.3129652232,597268.7055519684,573896.0266145809
1.6989643583800633,1.2997041023942997,1.7005917952113931,419.15841744561413,416.2734599472832,423.333756314442,0.5004936011697103,0.476184575819172,0.33867312817454054,0.47878893437054626,0.5004037353233923,0.629765513502728,13.691293717266454,19.294151325726894,12.336875903477182,6.873471795067036,5.60483025916508,6.824726199665666,734193.3128279874,597268.7055079867,573896.026468301
1.6990218940256154,1.2997205411501718,1.700558917699649,419.1597840176552,416.27394348919427,423.3357402586417,0.5003958972345739,0.47610749415180564,0.33853279892889243,0.4788569728149639,0.5004495049479273,0.6298309894376566,13.691219175295851,19.29422187257114,12.337132850486007,6.873411313083149,5.6048657562741155,6.824328568708604,734193.3127037737,597268.7054698097,573896.0263331428
1.6990762332464147,1.2997360666418287,1.7005278667163353,419.161039118763,416.2743687934116,423.3375838678178,0.5003030066837635,0.47603418974552775,0.3383983049869445,0.4789212685659399,0.5004926160308913,0.6298928267081852,13.691151453153022,19.294286242977112,12.33736509175762,6.873348856351725,5.604894345545202,6.823961041825206,734193.3125917065,597268.705437014,573896.0262084487
1.699127553621614,1.2997507296061712,1.70049854078765,419.1621896177647,416.27473985448756,423.3392949282288,0.5002147068875292,0.47596448907859645,0.3382694251300303,0.47898200935541285,0.5005332064837303,0.629951197800254,13.691090092301886,19.294344847142305,12.337574299888718,6.873284683349394,5.6049165574659146,6.8236217181417365,734193.3124909595,597268.7054092009,573896.026093594
1.6991760228648576,1.2997645779613836,1.700470844077225,419.1632420163013,416.27506044171037,423.34088086101815,0.5001307848348199,0.4758982260691094,0.3381459453235145,0.47903937421923865,0.5005714076609566,0.6300062682462607,13.691034660744027,19.294398071557726,12.337762051339924,6.873219037005156,5.604932891071114,6.823308804639825,734193.3124007547,597268.7053859956,573896.0259879854
1.6992217993723655,1.2997776569635284,1.7004446860729348,419.16420246349054,416.27533411002224,423.3423487336823,0.5000510368636262,0.47583524182368725,0.3380276585984851,0.4790935337686248,0.5006073446162842,0.6300581968143433,13.690984751644361,19.294446280245722,12.337929831329172,6.873152145303008,5.604943815511142,6.823020610525589,734193.3123203585,597268.7053670457,573896.0258910599
1.6992650327405676,1.2997900093544434,1.7004199812911054,419.1650767791422,416.27556421055135,423.3437052794303,0.4999752680319033,0.4757753842734853,0.337914364814037,0.47914465077856494,0.5006411364344499,0.6301071357637473,13.690939982020119,19.294489815939315,12.338079038506647,6.873084221880372,5.604949771556209,6.822755541869302,734193.3122490806,597268.7053520204,573896.0258022833
1.6993058642549805,1.2998016755014183,1.7003966489971551,419.1658704659934,416.2757539009492,423.34495690685634,0.49990329191926813,0.4757185079452855,0.33780587053968897,0.47919288038972024,0.5006728964653523,0.6301532310279376,13.69089999149071,19.29452900120546,12.338210989419117,6.873015466620229,5.6049511730385975,6.82251209650395,734193.3121862714,597268.705340609,573896.025721149
1.6993444273519263,1.299812693529117,1.7003746129417578,419.1665887250152,416.2759061550739,423.34610971279295,0.49983493028700204,0.47566447370062614,0.33770198889453606,0.4792383704353883,0.5007027325757548,0.6301966224197078,13.690864441086102,19.29456413951458,12.33832692277143,6.872946066235178,5.604948408234331,6.822288859171425,734193.3121313195,597268.7053325196,573896.0256471772
1.699380848054597,1.2998230994441657,1.7003538011116603,419.16723647008325,416.27602377226054,423.34716949483345,0.4997700127495499,0.4756131484836626,0.33760253938543255,0.4792812617563088,0.5007307473913601,0.6302374438337098,13.69083301211141,19.2945955162586,12.33842800349268,6.8728761948419095,5.604941841186054,6.8220844969055285,734193.3120836503,597268.705327479,573896.0255799129
1.6994152453848972,1.299832927252823,1.7003341454943461,419.16781834203243,416.27610938619273,423.3481417635182,0.4997083764572817,0.4755644050775803,0.3375073477447074,0.4793216885036238,0.5007570385295241,0.6302758234460596,13.690805405065394,19.29462339971973,12.33851532661452,6.872806014524754,5.604931812968816,6.821897754641334,734193.3120427231,597268.7053252308,573896.0255189256
1.6994477317524028,1.2998422090721102,1.7003155818557718,419.16833872211396,416.2761654733865,423.3490317541796,0.499649865790267,0.4755181218693781,0.3374162457678714,0.479359778430322,0.500781698822874,0.6303118839107122,13.690781338610735,19.294648041992033,12.338589920968818,6.872735675887203,5.6049186429005315,6.8217274510408545,734193.3120080308,597268.7053255351,573896.0254638076
1.6994784133217138,1.2998509752347704,1.7002980495304512,419.16880174487574,416.2761943613012,423.3498444384436,0.4995943320628072,0.47547418262283075,0.33732907115172567,0.47939565317149396,0.5008048165341066,0.6303457425523497,13.690760548593898,19.294669679857925,12.338652752711749,6.872665318590496,5.604902629698859,6.821572474525318,734193.3119790966,597268.7053281672,573896.0254141736
1.6995073903593962,1.299859254388394,1.700281491223204,419.16921131048394,416.2761982360886,423.3505845353861,0.4995416332384677,0.4754324762594386,0.3372456673332453,0.4794294285137253,0.5008264755622276,0.6303775115555529,13.690742787112539,19.294688535621447,12.338704728681254,6.872595071878473,5.604884052586247,6.821431779504766,734193.3119554735,597268.7053329168,573896.0253696591
1.699534757561652,1.2998670735890385,1.7002658528219152,419.16957109650565,416.27617914999314,423.3512565223437,0.499491633655347,0.4753928966471662,0.33716588332957076,0.47946121465395375,0.5008467556405051,0.6304072981500725,13.690727821628448,19.294704817900325,12.338746699594482,6.872525055088109,5.604863172344921,6.821304382796002,734193.3119367419,597268.7053395875,573896.0253299193
1.6995606043637828,1.2998744583896473,1.7002510832206978,419.16988456917096,416.2761390284163,423.351864645381,0.49944420376131593,0.47535534239677313,0.33708957357940544,0.4794911164481156,0.5008657325263989,0.6304352047920339,13.690715434124087,19.294718722378608,12.338779463091852,6.872455378145233,5.604840232323508,6.821189360220312,734193.3119225085,597268.7053479961,573896.0252946292
1.6995850152324614,1.2998814329235555,1.7002371341528815,419.1701549941338,416.2760796766569,423.35241292941487,0.4993992198589543,0.47531971666553147,0.33701659778608306,0.4795192336499068,0.500883478183732,0.6304613293409537,13.690705420300826,19.294730432521607,12.338803766633996,6.872386142045079,5.604815459397046,6.821085843372679,734193.3119124051,597268.705357971,573896.0252634812
1.699608069941769,1.2998880199833576,1.7002239600332771,419.17038544674836,416.276002786339,423.35290518800025,0.4993565638599346,0.47528592696813793,0.33694682076254706,0.4795456611399616,0.5009000609573566,0.6304857652324557,13.690697588817086,19.29474012025489,12.338820310257715,6.872317439317391,5.604789064882053,6.820993016554576,734193.3119060864,597268.7053693528,573896.0252361858
1.699629843833893,1.2998942410953929,1.7002115178092063,419.17057882188044,416.27590994154014,423.3533450327797,0.4993161230485702,0.4752538849946134,0.3368801122784449,0.4795704891457764,0.5009155457405734,0.6305086016466114,13.690691760564617,19.294747946608936,12.338829749196968,6.872249354475936,5.604761245408333,6.820910113862735,734193.3119032296,597268.7053819926,573896.0252124694
1.6996504080653434,1.299900116590093,1.7001997668198061,419.1707378432703,416.2758026246304,423.35373588260256,0.4992777898542671,0.4752235064349919,0.33681634690952067,0.47959380345268043,0.5009299941355548,0.6305299236718453,13.690687767981222,19.294754062331034,12.338832696374599,6.872181964452348,5.604732183749159,6.820836416426592,734193.3119035327,597268.705395752,573896.0251920742
1.6996698298394912,1.299905665668421,1.7001886686631502,419.1708650724644,416.27568222183436,423.3540809723176,0.49924146163261446,0.47519471081059933,0.336755403889465,0.4796156856061588,0.5009434646070174,0.6305498124643659,13.690685454398304,19.294758608465905,12.338829724770374,6.872115339014273,5.604702049611426,6.820771249787432,734193.3119067136,597268.705410502,573896.0251747576
1.6996881726261863,1.2999109064646195,1.700178187070753,419.17096291733293,416.2755500285265,423.3543833612457,0.4992070404548532,0.4751674213117253,0.3366971669643588,0.4796362131058238,0.5009560126293819,0.6305683454031008,13.690684673421652,19.29476171690651,12.338821369670745,6.8720495411679,5.604671000387362,6.82071398141252,734193.3119125086,597268.7054261232,573896.0251602909
1.6997054963691762,1.2999158561054736,1.7001682877890445,419.17103364018936,416.2754072542709,423.3546459413379,0.49917443290546215,0.47514156464149393,0.3366415242498285,0.47965545959132566,0.5009676908276594,0.6305855962401316,13.690685288343957,19.29476351091647,12.338808130805514,6.87198462754498,5.604639181869321,6.820664018337812,734193.3119206716,597268.7054425044,573896.0251484588
1.699721857682,1.2999205307662804,1.7001589384674314,419.17107936552736,416.27525502761597,423.3548714450259,0.4991435498876077,0.4751170708657384,0.3365883680910106,0.47967349502048867,0.5009785491122911,0.630601635246636,13.690687171587614,19.294764105625337,12.338790474376411,6.871920648774505,5.604606728929155,6.820620804933118,734193.3119309732,597268.7054595423,573896.0251390589
1.699737310033,1.299924945723709,1.7001501085525743,419.17110208739126,416.275094400654,423.3550624527713,0.49911430643620425,0.47509387326869196,0.33653759492540786,0.4796903858399502,0.5009886348081669,0.630616529354362,13.690690204176382,19.294763608498116,12.338768834982432,6.871857649839245,5.604573766163637,6.820583820783814,734193.3119431995,597268.7054771418,573896.0251319013
1.6997519039200557,1.2999291154057249,1.7001417691885425,419.1711036763944,416.2749263533552,423.3552214003207,0.4990866215383381,0.47507190821430634,0.33648910514870267,0.47970619514857576,0.5009979927780416,0.6306303422926621,13.69069427523461,19.29476211978014,12.33874361744657,6.871795670417413,5.604540408507333,6.8205525786835,734193.3119571513,597268.7054952146,573896.0251268069
1.6997656870356082,1.2999330534387399,1.7001338931225127,419.17108588640076,416.2747517976865,423.35535058567433,0.49906041796081146,0.4750511150130154,0.3364428029835816,0.4797209828539139,0.5010066655405591,0.6306431347211375,13.690699281512655,19.294759732918596,12.338715198548448,6.871734745209711,5.6045067618143065,6.820526622732232,734193.3119726432,597268.705513679,573896.0251236082
1.6997787044225188,1.299936772692143,1.7001264546157069,419.17105036088253,416.27457158152333,423.35545217577493,0.4990356220845671,0.4750314357937622,0.3363985963516082,0.47973480582195005,0.5010146933830938,0.6306549643579383,13.690705126937345,19.29475653496167,12.338683928667168,6.871674904252072,5.604472923410006,6.8205055265351575,734193.3119895031,597268.7055324599,573896.0251221474
1.6997909986212678,1.299940285320357,1.700119429359279,419.17099863896885,416.27438649236433,423.35552821292555,0.4990121637457608,0.4750128153811144,0.33635639674817397,0.47974771802041066,0.5010221144696091,0.6306658861037847,13.69071172218624,19.29475260693659,12.338650133338463,6.871616173214436,5.604438982614605,6.8204888914966935,734193.3120075709,597268.705551488,573896.0251222772
1.6998026098089754,1.299943602802559,1.7001127943948746,419.1709321611975,416.27419726085765,423.35558062094293,0.49898997608325346,0.4749952011772929,0.33631611912054454,0.47975977065586095,0.5010289649437275,0.6306759521617721,13.690718984284551,19.294748024207376,12.338614114730246,6.871558573685897,5.604405021239064,6.820476345205495,734193.312026698,597268.7055706994,573896.025123859
1.699813575930699,1.2999467359801944,1.700106528039604,419.1708522749837,416.27400456414534,423.3556112110541,0.4989689953922967,0.4749785430489468,0.3362776817490072,0.47977101230483477,0.5010352790272006,0.6306852121530369,13.690726836223671,19.294742856813464,12.338576153040238,6.871502123446577,5.604371114055127,6.820467539905779,734193.312046747,597268.7055900356,573896.0251267636
1.699823932823438,1.2999496950924057,1.7001006098151819,419.17076023981673,416.27380902903684,423.3556216875451,0.4989491609841961,0.4749627932185079,0.3362410061311207,0.47978148903922646,0.5010410891139637,0.6306937132283567,13.690735206600214,19.294737169790025,12.338536507819502,6.871446836726609,5.604337329240406,6.820462151050694,734193.3120675904,597268.705609443,573896.0251308695
1.699833714333247,1.2999524898094936,1.7000950203810052,419.1706572321978,416.27361123501663,423.3556136531685,0.49893041505173785,0.4749479061599637,0.33620601686905793,0.47979124454616784,0.5010464258599504,0.6307015001757714,13.690744029274601,19.29473102347096,12.338495419225282,6.871392724452619,5.6043037287997,6.820459875933677,734193.3120891103,597268.7056288726,573896.0251360633
1.6998429524258445,1.2999551292645215,1.7000897414709495,419.1705443503297,416.2734117170959,423.35558861431787,0.49891270254017206,0.4749338384988925,0.3361726415600254,0.47980032024260727,0.5010513182688404,0.6307086155243071,13.690753243048226,19.294724473775368,12.338453109206595,6.871339794482074,5.60427036896363,6.820460432393863,734193.3121111979,597268.7056482794,573896.0251422393
1.6998516772910754,1.2999576220831588,1.7000847558336747,419.1704226185692,416.2732109685125,423.3555479859765,0.49889597102354977,0.47492054891660596,0.33614081068973745,0.4798087553848005,0.5010557937739047,0.6307150996438942,13.690762791358274,19.294717572478344,12.338409782625774,6.8712880518259105,5.604237300565643,6.820463557591868,734193.3121337527,597268.7056676226,573896.0251492986
1.6998599174415714,1.299959976411872,1.7000800471762485,419.170292991654,416.27300944328994,423.35549309644864,0.49888017058621725,0.4749079980582518,0.33611045752891794,0.4798165871729161,0.5010598783161099,0.6307209908415694,13.690772621989328,19.2947103674669,12.338365628319107,6.871237498859823,5.604204569398393,6.820469006852371,734193.3121566823,597268.7056868654,573896.0251571491
1.6998676998059286,1.2999621999445456,1.7000756001109014,419.17015635871223,416.2728075586584,423.3554251918799,0.498865253709278,0.47489614844473077,0.3360815180327968,0.47982385085095186,0.501063596418634,0.6307263254540558,13.690782686800912,19.29470290298172,12.338320820099511,6.871188135524614,5.604172216550465,6.820476552570114,734193.3121799014,597268.7057059738,573896.0251657045
1.6998750498167103,1.2999642999476262,1.7000714001047403,419.17001354694827,416.2726056973085,423.35534544057464,0.49885117516509714,0.4748849643905468,0.33605393074648193,0.4798305797995786,0.5010669712564012,0.6307311379354791,13.690792941470198,19.294695219845472,12.338275517704053,6.871139959516006,5.604140278724399,6.820485983176131,734193.3122033321,597268.7057249178,573896.0251748852
1.6998819914935597,1.2999662832838688,1.7000674334322552,419.1698653247532,416.27240420938733,423.35525493714033,0.49883789192644734,0.474874411932574,0.3360276367229317,0.47983680561687914,0.501070024717296,0.6307354609373146,13.690803345249071,19.29468735567844,12.33822986768915,6.87109296646428,5.604108788536878,6.820497102161067,734193.3122269027,597268.70574367,573896.0251846166
1.6998885475216954,1.2999681564347647,1.7000636871304635,419.1697124066052,416.27220341499776,423.35515470639297,0.4988253630267523,0.4748644587249836,0.3360025793957742,0.47984255823692556,0.5010727774856659,0.6307393254067469,13.690813860734874,19.294679345101983,12.338184004275902,6.871047150104168,5.604077774801975,6.820509727152743,734193.3122505475,597268.7057622061,573896.0251948296
1.6998947393260457,1.2999699255217219,1.700060148956549,419.1695554554348,416.27200360590695,423.35504570710725,0.4988135494884304,0.47485507398070453,0.3359787045102289,0.47984786599374757,0.5010752490932315,0.6307427606566626,13.690824453654082,19.29467121993054,12.33813805014815,6.871002502435344,5.604047262798277,6.820523689045107,734193.3122742067,597268.7057805042,573896.0252054598
1.6999005871412654,1.2999715963260705,1.7000568073478521,419.16939508569595,416.27180504737544,423.35492883559505,0.4988024142314759,0.4748462284004091,0.33595596003695266,0.47985275570056174,0.5010774579777748,0.6307457944415427,13.690835092658283,19.294663009352774,12.338092117205607,6.8709590138739,5.604017274520654,6.820538831175954,734193.3122978257,597268.7057985448,573896.025216448
1.6999061100778616,1.299973174307955,1.700053651384083,419.1692318662749,416.27160797988483,423.35480492911563,0.49879192198597666,0.47483789410452104,0.3359342960886125,0.47985725272535396,0.5010794215390667,0.6307484530303034,13.690845749131816,19.294654740102374,12.338046307274315,6.870916673395194,5.603987828917487,6.8205550085508815,734193.3123213551,597268.7058163111,573896.0252277388
1.6999113261846472,1.2999746646241794,1.7000506707516343,419.16906632324407,416.27141262076987,423.3546747691242,0.4987820392084143,0.4748300445681309,0.3359136648391281,0.47986138106296794,0.5010811561921504,0.6307507612761781,13.690856397010458,19.294646436619058,12.338000712776605,6.870875468668402,5.603958942114033,6.820572087111078,734193.3123447498,597268.7058337879,573896.0252392814
1.6999162525077225,1.2999760721450582,1.7000478557098773,419.16889894246873,416.2712191657577,423.3545390843649,0.49877273400159744,0.4748226545587055,0.33589402044552896,0.4798651634038489,0.5010826774180969,0.6307527426837385,13.690867012610592,19.29463812120033,12.33795541736264,6.870835386183144,5.6039306276226455,6.820589943042636,734193.3123679693,597268.7058509624,573896.0252510286
1.699920905146182,1.2999774014703325,1.700045197059329,419.1687301720734,416.27102779042156,423.3543985538147,0.49876397603808414,0.4748157000764826,0.3358753189723707,0.4798686211995844,0.5010839998123416,0.6307544194731446,13.690877574468304,19.294629814144425,12.337910496505492,6.870796411368524,5.603902896540536,6.820608462125236,734193.3123909769,597268.7058678234,573896.025262937
1.6999252993047274,1.2999786569442024,1.700042686111589,419.1685604247748,416.2708386515505,423.35425380948493,0.4987557364869539,0.47480915829744574,0.3358575183186501,0.4798717747253794,0.5010851371307082,0.6307558126417191,13.69088806318789,19.294621533884953,12.33786601806168,6.87075852870492,5.60387575773568,6.82062753911812,734193.3124137399,597268.7058843615,573896.0252749666
1.6999294493433534,1.2999798426695244,1.7000403146609455,419.1683900800875,416.2706518884413,423.35410543908495,0.49874798794379405,0.4748030075187764,0.33584057814716173,0.47987464313959877,0.5010861023332193,0.6307569420229326,13.690898461299264,19.294613297117635,12.337822042798871,6.870721721828857,5.603849218021508,6.820647077181384,734193.3124362287,597268.7059005685,573896.0252870807
1.6999333688242784,1.299980962521217,1.70003807495756,419.16821948640967,416.270467624116,423.3539539885547,0.4987407043637668,0.4747972271066819,0.33582445981623266,0.47987724454050623,0.5010869076257973,0.6307578263428942,13.690908753123821,19.294605118919584,12.3377786248926,6.870685973631255,5.603823282320948,6.8206669873307115,734193.3124584175,597268.7059164381,573896.0252992454
1.6999370705562629,1.299982020158927,1.7000359596821406,419.16804896299305,416.27028596646795,423.3537999644716,0.4987338609976515,0.4747917974465202,0.3358091263137966,0.4798795960203084,0.5010875644999366,0.6307584832744229,13.690918924648262,19.29459701286154,12.337735812393493,6.8706512663493955,5.603797953820394,6.820687187923782,734193.3124802831,597268.7059319651,573896.0253114299
1.6999405666364706,1.299983019038986,1.7000339619220224,419.16787880180436,416.27010700934113,423.353643836337,0.4987274343307107,0.47478669989510514,0.33579454219371785,0.47988171371664234,0.5010880837704529,0.6307589294887991,13.690928963405993,19.294588991113383,12.337693647666612,6.87061758165287,5.603773234114113,6.820707604176655,734193.3125018053,597268.7059471455,573896.025323606
1.6999438684900001,1.2999839624257088,1.7000320751485773,419.16770926928314,416.2699308335462,423.35348603874695,0.4987214020242826,0.4747819167351177,0.3357806735143238,0.4798836128616069,0.5010884756113883,0.6307591807052733,13.69093885836566,19.294581064543365,12.337652167804457,6.87058490072381,5.603749123339608,6.820728167708518,734193.3125229663,597268.7059619765,573896.0253357477
1.6999469869072223,1.2999848534020582,1.7000302931958793,419.1675406080011,416.26975750781565,423.35332697345285,0.49871574285998327,0.4747774311315365,0.3357674877790849,0.4798853078284475,0.5010887495901547,0.6307592517384116,13.690948599826463,19.294573242811325,12.337611405014888,6.870553204331694,5.603725620304436,6.82074881611329,734193.312543751,597268.7059764563,573896.0253478319
1.6999499320790432,1.2999856948797213,1.700028610240553,419.16737303822805,416.26958708970227,423.35316701131705,0.49871043668641063,0.47477322709000247,0.33575495387938253,0.47988681217599993,0.5010889146999976,0.6307591565433613,13.69095817931984,19.29456553445626,12.337571386985475,6.870522472902951,5.603702722604912,6.820769492556601,734193.3125641462,597268.705990584,573896.025359837
1.6999527136302077,1.2999864896086253,1.7000270207827453,419.1672067594088,416.2694196264229,423.3530064941672,0.4987054643682453,0.47476928941703994,0.3357430420393057,0.47988813869099245,0.5010889793908557,0.6307589082591119,13.690967589517202,19.294557946978575,12.337532137225388,6.87049268658568,5.60368042673717,6.820790145396809,734193.3125841409,597268.7060043595,573896.0253717441
1.6999553406507517,1.2999872401859236,1.7000255196281489,419.1670419515565,416.2692551556516,423.35284573655457,0.4987008077376478,0.47476560368205556,0.33573172376242055,0.47988929942830233,0.50108895159869,0.6307585192498277,13.690976824143396,19.29455048691724,12.337493675386202,6.870463825309675,5.603658728200986,6.820810727828714,734193.3126037262,597268.7060177837,573896.0253835357
1.69995782172571,1.299987949064483,1.70002410187103,419.16687877656545,416.2690937062636,423.3526850274205,0.49869644954785564,0.4747621561810427,0.33572097178045424,0.4798903057492589,0.5010888387733523,0.6307580011443277,13.690985877895525,19.29454315992221,12.337456017562586,6.87043586884203,5.6036376215967625,6.820831197548767,734193.3126228945,597268.7060308581,573896.0253951962
1.6999601649631706,1.2999886185609002,1.7000227628781956,419.16671737944915,416.26893529903407,423.3525246316752,0.49869237342888717,0.4747589339019194,0.33571076000383837,0.47989116835808143,0.501088647905061,0.6307573648737796,13.690994746366886,19.294535970822306,12.33741917657416,6.870408796838533,5.603617100716048,6.820851516440552,734193.3126416403,597268.7060435846,573896.0254067117
1.699962378020772,1.2999892508630722,1.7000214982738522,419.1665578895054,416.2687799472926,423.3523647916924,0.49868856384526244,0.47475592449143095,0.33570106347405493,0.47989189733653614,0.5010883855495489,0.630756620707684,13.691003425975715,19.294528923688883,12.337383162229404,6.870382588891088,5.6035971586259805,6.820871650279485,734193.3126599592,597268.7060559662,573896.02541807
1.6999644681307293,1.2999898480373455,1.7000203039253055,419.16640042141427,416.2686276575373,423.3522057287253,0.49868500605565536,0.47475311622355165,0.3356918583177317,0.4798925021768935,0.5010880578519443,0.6307557782882091,13.691011913898466,19.294522021895446,12.337347981572677,6.870357224571338,5.603577787747971,6.820891568455606,734193.3126778483,597268.7060680059,573896.0254292601
1.6999664421234666,1.2999904120352703,1.7000191759294556,419.1662450762716,416.2684784300098,423.3520476442448,0.49868168607439367,0.4747504979693223,0.3356831217024314,0.47989299181326506,0.5010876705694448,0.6307548466629477,13.691020208007355,19.29451526817349,12.337313639115306,6.870332683470721,5.60355897993096,6.82091124371353,734193.3126953059,597268.7060797074,573896.0254402724
1.6999683064499407,1.2999909446999771,1.700018110600042,419.16609194256097,416.2683322592334,423.35189072120687,0.49867859063472786,0.4747480591680615,0.335674831794084,0.4798933746513915,0.5010872290928401,0.6307538343161564,13.69102830681198,19.294508664664765,12.337280137051563,6.870308945237154,5.603540726519565,6.82093065190856,734193.3127123317,597268.7060910749,573896.0254510986
1.6999700672027218,1.2999914477722,1.7000171044555958,419.1659410970685,416.2681891345172,423.35173512524983,0.4986757071537917,0.4747457897998933,0.33566696771600885,0.47989365859695654,0.5010867384669399,0.6307527491985396,13.69103620940471,19.294502212970166,12.337247475460401,6.870285989608481,5.6035230184174125,6.820949771778088,734193.312728926,597268.7061021129,573896.0254617312
1.6999717301359039,1.2999919228959664,1.7000161542080636,419.16579260574247,416.2680490404266,423.3515810058263,0.4986730236991823,0.474743680359533,0.3356595095094756,0.4798938510824925,0.5010862034099558,0.6307515987556377,13.691043915409695,19.294495914195437,12.337215652493805,6.870263796442919,5.603505846145924,6.82096858472742,734193.3127450903,597268.7061128261,573896.0254721645
1.6999733006839093,1.2999923716239679,1.7000152567520606,419.1656465245017,416.26791195722404,423.35142849727265,0.4986705289570872,0.4747417218312794,0.3356524380957563,0.4798939590929444,0.5010856283318899,0.6307503899548769,13.69105142493524,19.294489768993905,12.337184664552408,6.870242345746618,5.603489199898833,6.820987074629231,734193.312760827,597268.7061232198,573896.025482393
1.6999747839792478,1.2999927954226358,1.7000144091547245,419.1655028999948,416.26777786127974,423.35127771981877,0.49866821220189184,0.4747399056651576,0.33564573523961594,0.47989398918995585,0.5010850173519752,0.6307491293113374,13.69105873852938,19.294483777606345,12.337154506449158,6.870221617698516,5.603473069592684,6.821005227635883,734193.3127761391,597268.7061332992,573896.0254924125
1.6999761848692898,1.2999931956769335,1.7000136086461293,419.16536177031344,416.2676467254553,423.35112878054093,0.4986660632672025,0.47473822375416624,0.3356393835141987,0.4798939475349347,0.5010843743152149,0.6307478229122924,13.691065857138444,19.294477939898236,12.33712517156172,6.870201592672635,5.603457444913525,6.8210230320038825,734193.3127910305,597268.7061430699,573896.0255022198
1.6999775079321071,1.2999935736948813,1.7000128526102338,419.1652231656617,416.26751851946176,423.3509817742616,0.49866407251822154,0.47473666841257817,0.33563336626725915,0.4798938399109579,0.5010837028080635,0.6307464764405702,13.69107278206847,19.29447225539446,12.3370966519742,6.870182251257956,5.603442315360069,6.821040477929806,734193.3128055056,597268.7061525377,573896.025511812
1.6999787574914345,1.299993930711832,1.700012138576333,419.16508710898427,416.2673932101932,423.35083678439736,0.49866223082541533,0.47473523235524945,0.33562766758869506,0.47989367174357056,0.5010830061732907,0.630745095196791,13.691079514949271,19.294466723311672,12.337068938608818,6.8701635742760025,5.603427670283476,6.821057557397046,734193.3128195694,597268.7061617086,573896.0255211872
1.6999799376307991,1.2999942678945076,1.7000114642109816,419.1649536165557,416.26727076203707,423.3506938837587,0.49866052953941736,0.4747339086778921,0.335622272279337,0.4798934481205296,0.5010822875240687,0.630743684120525,13.69108605770101,19.294461342588434,12.337042021348147,6.870145542796265,5.603413498923996,6.821074264032755,734193.3128332275,597268.7061705884,573896.0255303442
1.6999810522068661,1.2999945863448124,1.7000108273103722,419.16482269837155,416.2671511370817,423.35055313545,0.4986589604697242,0.4747326908417487,0.33561716582596873,0.479893173809054,0.5010815497551008,0.6307422478089391,13.691092412503146,19.294456111913256,12.337015889148365,6.870128138149584,5.603399790444648,6.821090592974461,734193.3128464858,597268.7061791836,573896.0255392825
1.6999821048620403,1.2999948871034335,1.70001022579313,419.1646943587914,416.2670342954388,423.3504145934728,0.49865751585990786,0.47473157265303406,0.33561233436902327,0.4798928532748246,0.5010807955570168,0.6307407905370207,13.691098581765612,19.294451029750654,12.336990530144107,6.8701113419396,5.60338653396211,6.821106540745748,734193.3128593505,597268.7061875002,573896.0255480016
1.6999830990363716,1.2999951711532423,1.7000096576935124,419.1645685973185,416.2669201956425,423.35027830311424,0.49865618836132053,0.4747305482395116,0.33560776466575515,0.4798924907013979,0.5010800274323888,0.6307393162784055,13.691104568102075,19.29444609436537,12.336965931745333,6.870095136052381,5.6033737185749715,6.821122105140555,734193.3128718287,597268.7061955445,573896.0255565023
1.6999840379787952,1.2999954394225062,1.7000091211549848,419.16444540879127,416.26680879476226,423.3501443018202,0.4986549710164185,0.4747296120398228,0.33560344407122145,0.47989209000391925,0.5010792477033948,0.6307378287204646,13.691110374305195,19.29444130384481,12.336942080726738,6.8700795026643275,5.60336133338953,6.821137285115572,734193.3128839271,597268.7062033227,573896.0255647852
1.699984924757751,1.2999956927879222,1.700008614424153,419.1643247838091,416.266700048618,423.3500126197864,0.4986538572390535,0.4747287587879559,0.3355993605127382,0.47989165484431295,0.5010784585225748,0.6307363312807308,13.691116003323744,19.29443665611984,12.33691896330999,6.870064424248435,5.6033493675432355,6.821152080690309,734193.3128956533,597268.7062108417,573896.0255728518
1.6999857622712093,1.2999959320774819,1.7000081358450343,419.16420670913175,416.2665939119792,423.34988328051463,0.49865284079570116,0.474727983498449,0.33559550246534786,0.4798911886456883,0.5010776618830094,0.6307348271225065,13.691121458241486,19.294432148984026,12.336896565239341,6.870049883579024,5.60333781022595,6.821166492854407,734193.3129070146,597268.7062181073,573896.0255807036
1.699986553256142,1.2999961580731771,1.7000076838536442,419.16409116805215,416.2664903387494,423.3497563013348,0.4986519157875814,0.4747272814522949,0.3355918589282607,0.4798906946060017,0.5010768596279536,0.6307333191696887,13.691126742257737,19.294427780111388,12.336874871850846,6.870035863735007,5.603326650699098,6.821180523481786,734193.312918019,597268.706225126,573896.0255883426
1.6999873002974675,1.299996371513556,1.7000072569728868,419.1639781407457,416.26638928213754,423.3496316938962,0.4986510766336318,0.47472664818351384,0.3355884194022356,0.4798901757110099,0.501076053459951,0.6307318101208474,13.691131858669488,19.294423547072757,12.336853868135616,6.870022348101764,5.603315878312855,6.821194175251278,734193.3129286744,597268.7062319043,573896.0255957713
1.699988005836497,1.2999965730961358,1.700006853807727,419.163867604597,416.26629069481623,423.3495094646278,0.49865031805429305,0.4747260794663639,0.33558517386786446,0.4798896347465511,0.5010752449494584,0.6307303024625925,13.691136810855067,19.294419447350787,12.336833538797377,6.870009320371713,5.60330548252144,6.821207451573377,734193.3129389887,597268.7062384484,573896.0256029922
1.6999886721789137,1.2999967634796834,1.7000064730406317,419.1637595345051,416.26619452906834,423.34938961517105,0.49864963505607,0.474725571303159,0.3355821127647276,0.47988907431018607,0.5010744355430031,0.63072879848226,13.691141602259203,19.29441547835374,12.336813868304603,6.869996764543633,5.60329545289661,6.8212203565228124,734193.3129489701,597268.7062447645,573896.025610008
1.6999893015023073,1.2999969432863672,1.7000061134272637,419.1636539031694,416.2661007369225,423.3492721427855,0.4986490229168305,0.474725119912666,0.3355792269713868,0.47988849682223245,0.5010736265708996,0.6307273002799526,13.691146236379467,19.29441163742802,12.336794840937563,6.869984664920817,5.603285779139396,6.821232894776603,734193.3129586271,597268.7062508588,573896.0256168223
1.6999898958632902,1.2999971131037908,1.7000057737924166,419.1635506813563,416.26600927027874,423.34915704072887,0.4986484771718085,0.4747247217190527,0.3355765077861843,0.47988790453622227,0.5010728192545482,0.6307258097799626,13.691150716754061,19.29440792186956,12.336776440830413,6.869973006108097,5.603276451090182,6.821245071557365,734193.3129679679,597268.7062567376,573896.0256234381
1.6999904572042184,1.2999972734869134,1.700005453026172,419.16344983814895,416.26592008102443,423.3490442986143,0.4986479936002788,0.4747243733413611,0.33557394690881653,0.47988729954881165,0.5010720147133387,0.6307243287416097,13.691155046950845,19.294404328934093,12.336758652008632,6.869961773007823,5.6032674587371165,6.821256892581568,734193.3129770011,597268.7062624068,573896.0256298588
1.6999909873595396,1.2999974249598623,1.700005150080274,419.16335134118106,416.2658331211421,423.34893390274385,0.4986475682128696,0.47472407158347935,0.3355715364226526,0.47988668380917116,0.5010712139711802,0.6307228587695178,13.691159230557641,19.294400855846337,12.336741458421962,6.869950950814838,5.6032587922229045,6.821268364012542,734193.312985735,597268.7062678725,573896.0256360885
1.6999914880617875,1.2999975680176474,1.7000048639647038,419.1632551568548,416.2657483428089,423.3488258364221,0.49864719723948536,0.4747238134245891,0.3355692687777678,0.47988605912788307,0.5010704179626767,0.6307214013233642,13.691163271173743,19.294397499808078,12.336724843973004,6.869940525010498,5.603250441849978,6.821279492417995,734193.3129941783,597268.7062731406,573896.0256421308
1.6999919609472436,1.2999977031277778,1.7000045937444432,419.16316125054533,416.26566569848944,423.34872008024894,0.49864687711780775,0.47472359601006264,0.3355671367746642,0.4798854271853707,0.5010696275389717,0.6307199577271225,13.691167172402645,19.294394258005237,12.336708792541618,6.869930481355827,5.603242398084033,6.821290284731861,734193.3130023393,597268.706278217,573896.0256479896
1.6999924075612856,1.2999978307317899,1.7000043385364194,419.16306958679195,416.26558514102214,423.3486166123944,0.49864660448234976,0.4747234166427888,0.3355651335486491,0.47988478953988445,0.5010688434732772,0.6307185291778288,13.691170937845994,19.29439112761385,12.336693288005216,6.86992080588381,5.603234651555883,6.821300748220279,734193.3130102267,597268.7062831074,573896.0256536691
1.6999928293634363,1.2999979512466902,1.7000040975066188,419.1629801294772,416.2655066236997,423.3485154088555,0.4986463761540344,0.47472327277490295,0.3355632525548456,0.47988414763506776,0.5010680664661082,0.6307171167538932,13.69117457109876,19.294388105804973,12.336678314255067,6.869911484890927,5.6032271930615725,6.821310890451589,734193.313017849,597268.7062878174,573896.0256591737
1.6999932277321341,1.299998065066318,1.700003869867363,419.16289284199445,416.2654301003452,423.34841644369754,0.49864618913027403,0.47472316199990205,0.33556148755380766,0.4798835028071235,0.5010672971502406,0.6307157214229828,13.691178075745695,19.294385189748528,12.336663855208643,6.86990250492797,5.603220013560674,6.821320719270162,734193.3130252147,597268.7062923529,573896.0256645075
1.6999936039692378,1.2999981725626333,1.7000036548747324,419.1628076874056,416.26535552538354,423.34831968927915,0.49864604057552464,0.4747230820451208,0.3355598325977139,0.4798828562916038,0.5010665360954085,0.6307143440494979,13.691181455359091,19.29438237661596,12.33664989481799,6.869893852790201,5.603213104172608,6.821330242773968,734193.3130323325,597268.7062967191,573896.025669675
1.69999395930428,1.299998274086931,1.7000034518261367,419.16272462858853,416.2652828539095,423.3482251164641,0.4986459278122932,0.47472303076455,0.33555828201711496,0.47988220922984176,0.5010657838127605,0.6307129854016651,13.691184713497938,19.294379663581726,12.336636417074178,6.869885515506934,5.60320645617087,6.821339469295801,734193.3130392106,597268.7063009217,573896.0256746807
1.6999942948984867,1.2999983699709898,1.7000032600580184,419.16264362837643,416.26521204175384,423.3481326948196,0.49864584831257586,0.4747230061319761,0.33555683040820916,0.4798815626750439,0.5010650407590901,0.6307116461582692,13.691187853708572,19.294377047823488,12.336623406007732,6.869877480330611,5.603200060974939,6.821348407388047,734193.3130458577,597268.7063049659,573896.0256795293
1.699994611848571,1.2999984605281565,1.7000030789436844,419.1625646496882,416.2651430455466,423.34804239280254,0.49864579968970485,0.47472300623442104,0.33555547262062163,0.47988091759806234,0.5010643073408582,0.6307103269150451,13.691190879526902,19.294374526520947,12.336610845684923,6.869869734725463,5.603193910139623,6.821357065810966,734193.3130522823,597268.7063088571,573896.0256842255
1.699994911190317,1.2999985460543695,1.700002907891258,419.16248765565206,416.2650758227804,423.34795417793475,0.4986457796905864,0.47472302926586346,0.33555420374566347,0.4798802748928623,0.5010635839180232,0.6307090281907503,13.691193794482414,19.29437209685315,12.33659872019987,6.869862266355852,5.6031879953415595,6.8213654535244475,734193.3130584928,597268.7063126005,573896.0256887738
1.699995193901966,1.2999986268291261,1.700002746341744,419.16241260972186,416.26501033187276,423.3478680169681,0.49864578618830807,0.4747230735212203,0.33555301910504615,0.4798796353817018,0.5010628708076971,0.6307077504329403,13.691196602104085,19.294369755994126,12.336587013662141,6.8698550630744295,5.603182308362482,6.821373579683215,734193.3130644978,597268.7063162015,573896.0256931793
1.6999954609074122,1.2999987031163964,1.7000025937672032,419.16233947578735,416.2649465322304,423.3477838760408,0.49864581717510037,0.4747231373905685,0.3355519142400275,0.4798789998200386,0.5010621682876432,0.6307064940234665,13.69119930592846,19.294367501106674,12.336575710179746,6.869848112910202,5.603176841068854,6.821381453635508,734193.3130703055,597268.7063196651,573896.0256974469
1.6999957130792225,1.2999987751654851,1.7000024496690256,419.16226821827837,416.2648843843147,423.34770172082534,0.49864587075563394,0.4747232193535867,0.33555088490096613,0.47987836890117747,0.5010614765996328,0.6307052592837159,13.691201909510125,19.29436532933407,12.336564793837084,6.869841404056715,5.603171585387328,6.821389084925256,734193.3130759244,597268.7063229964,573896.0257015816
1.6999959512414877,1.2999988432118468,1.7000023135763025,419.16219880226436,416.26482384971064,423.3476215166696,0.49864594514063765,0.47472331797419587,0.33554992703725955,0.47987774326067195,0.5010607959526797,0.6307040464796148,13.691204416434907,19.294363237789376,12.336554248667555,6.869834924860498,5.6031665332754415,6.82139648329782,734193.3130813631,597268.7063262007,573896.0257055886
1.6999961761725162,1.2999989074778548,1.7000021850442864,419.16213119354825,416.2647648912003,423.3475432287321,0.49864603864082174,0.4747234318953766,0.33554903678764303,0.47987712348049316,0.5010601265261697,0.6307028558264153,13.691206830336165,19.294361223542083,12.336544058620364,6.869828663810006,5.603161676686839,6.821403658709383,734193.31308663,597268.7063292834,573896.0257094731
1.6999963886073763,1.2999989681735293,1.7000020636529376,419.16206535875637,416.2647074728422,423.34746682211215,0.49864614966109444,0.474723559834141,0.33554821047082384,0.4798765100929749,0.5010594684729046,0.6307016874932869,13.691209154914588,19.29435928360167,12.336534207520943,6.869822609525297,5.603157007530171,6.821410621340112,734193.3130917334,597268.7063322495,573896.0257132403
1.6999965892402997,1.2999990254972218,1.7000019490055527,419.16200126542407,416.26465156005804,423.3473922619763,0.4986462766950573,0.4747237005766351,0.33554744457642766,0.47987590358454757,0.5010588219220821,0.6307005416077315,13.69121139396202,19.294357414897583,12.336524679024409,6.869816750748777,5.603152517620706,6.821417381611238,734193.3130966818,597268.7063351043,573896.0257168959
1.6999967787269497,1.2999990796362646,1.700001840727467,419.1619388820771,416.26459711972876,423.3473195136827,0.49864641831976986,0.4747238529733467,0.3355467357562297,0.4798753043992682,0.5010581869822319,0.630699418259846,13.691213551389886,19.294355614255203,12.336515456561218,6.869811076337307,5.6031481986235026,6.8214239502062455,734193.3131014839,597268.7063378533,573896.0257204456
1.6999969576865634,1.2999991307675829,1.7000017384648307,419.1618781783094,416.2645441203018,423.3472485429036,0.49864657319077277,0.47472401593439206,0.3355460808156463,0.47987471294215506,0.5010575637441333,0.6306983175064537,13.691215631262942,19.294353878367033,12.336506523274192,6.869805575256124,5.603144041986824,6.8214303380963885,734193.3131061479,597268.7063405022,573896.025723895
1.6999971267039766,1.2999991790582721,1.7000016418834518,419.16181912485723,416.2644925319121,423.34717931574863,0.49864674003736104,0.474724188424852,0.3355454767054588,0.47987412958233383,0.5010569522837369,0.6306972393751276,13.691217637839072,19.2943522037585,12.336497861945883,6.869800236575069,5.603140038864233,6.821436556570819,734193.3131106826,597268.7063430569,573896.0257272504
1.6999972863315336,1.2999992246661456,1.700001550667705,419.16176169366884,416.26444232651914,423.34711179888933,0.49864691765810004,0.47472436946012586,0.3355449205137407,0.47987355465600046,0.5010563526651214,0.6306961838681295,13.691219575616143,19.294350586747413,12.336489454915,6.869795049467628,5.603136180023586,6.821442617271621,734193.3131150967,597268.7063455234,573896.0257305179
1.6999974370908928,1.299999267740248,1.7000014645194996,419.1617058579711,416.2643934780632,423.3470459596871,0.49864710491657915,0.4747245581012696,0.3355444094579586,0.47987298846920434,0.5010557649435141,0.6306951509662931,13.691221449386928,19.294349023396133,12.336481283980588,6.869790003213506,5.6031324557408375,6.821448532234132,734193.3131193987,597268.7063479078,573896.0257337041
1.6999975794747322,1.299999308421345,1.7000013831573055,419.1616515923313,416.26434596264374,423.34698176632634,0.4986473007373989,0.47472475345027887,0.33554394087721423,0.4798724313004543,0.5010551891684103,0.6306941406328755,13.691223264303344,19.294347509455264,12.336473330292261,6.869785087205474,5.603128855676238,6.8214543139329855,734193.3131235973,597268.7063502172,573896.0257368159
1.699997713948358,1.299999346842381,1.7000013063152335,419.1615988727139,416.2642997587246,423.3469191879549,0.4986475041023893,0.47472495464527587,0.33554351222459283,0.4798718834031483,0.501054625386828,0.6306931528174109,13.691225025951457,19.29434604029753,12.336465574224663,6.869780290961387,5.603125368730152,6.821459975334347,734193.3131277015,597268.7063524589,573896.0257398605
1.6999978409512269,1.299999383128915,1.7000012337421655,419.1615476763968,416.2642548473132,423.34685819509946,0.4986477140475137,0.4747251608585479,0.3355431210644924,0.47987134500855333,0.5010540736451411,0.630692187459298,13.691226740438857,19.29434461084025,12.336457995233946,6.869775604142421,5.603121982875246,6.821465529954916,734193.3131317201,597268.7063546405,573896.0257428454
1.6999979608983808,1.2999994173995304,1.7000011652009346,419.1614979822492,416.2642112123281,423.3467987593804,0.498647929658824,0.4747253712861718,0.33554276505704117,0.4798708163266751,0.5010535339956758,0.6306912444922766,13.691228414496322,19.294343215454585,12.336450571693826,6.869771016578751,5.603118684961343,6.821470991928362,734193.3131356621,597268.7063567705,573896.0257457789
1.699998074181804,1.2999994497662228,1.70000110046755,419.1614497707367,416.2641688408966,423.3467408537498,0.4986481500694841,0.47472558514347557,0.3355424419514806,0.47987029754827637,0.5010530065000632,0.6306903238484171,13.69123005559595,19.294341847859464,12.336443280708263,6.869766518304038,5.603115460488649,6.821476376079879,734193.3131395367,597268.7063588583,573896.0257486695
1.6999981811717038,1.2999994803347656,1.7000010393304643,419.1614030238876,416.2641277236915,423.34668445281005,0.4986483744570821,0.47472580166075856,0.3355421495806632,0.4798697888469386,0.5010524912326855,0.630689425462211,13.69123167208821,19.294340500997748,12.336436097897494,6.869762099600418,5.603112293344384,6.821481698009761,734193.313143353,597268.7063609138,573896.0257515265
1.6999982822177202,1.299999509205056,1.7000009815898833,419.16135772531436,416.26408785534727,423.3466295330299,0.4986486020410642,0.474726020077152,0.335541885853303,0.47986929038053877,0.501051988285381,0.6306885492749775,13.69123327336084,19.29433916689175,12.336428997153611,6.869757751055798,5.6031091654971545,6.821486974186903,734193.3131471202,597268.7063629484,573896.0257543598
1.6999983776500691,1.2999995364714414,1.7000009270571126,419.1613138602227,416.26404923494044,423.34657607298624,0.49864883208044286,0.47472623963400135,0.33554164874604286,0.47986880229250345,0.5010514977726349,0.6306876952395251,13.691234870022816,19.294337836474945,12.33642195036124,6.869753463635685,5.60310605664247,6.821492222053332,734193.3131508477,597268.7063649746,573896.0257571802
1.6999984677806208,1.2999995622230276,1.7000008755539402,419.1612714154071,416.26401186654437,423.34652405363653,0.49864906387179825,0.47472645956767257,0.33554143629527156,0.4798683247128225,0.5010510198373449,0.63068686332513,13.691236474117167,19.294336499395982,12.336414927078383,6.869749228772032,5.6031029437919155,6.82149746014099,734193.313154545,597268.7063670062,573896.0257599994
1.6999985529039197,1.2999995865439702,1.700000826912055,419.1612303792298,416.26397575986914,423.34647345862726,0.4986492967475974,0.47472667910167243,0.3355412465886148,0.4798678577587971,0.5010505546572648,0.6306860535229003,13.691238099366926,19.294335143790747,12.33640789417153,6.869745038471964,5.603099800797308,6.821502708202156,734193.3131582217,597268.7063690587,573896.0257628302
1.6999986332981463,1.2999996095137494,1.7000007809724968,419.1611907415801,416.2639409310009,423.3464242746441,0.49864953007486035,0.47472689743795715,0.3355410777560153,0.47986740153549634,0.5010501024522425,0.6306852658516009,13.691239761459101,19.294333756017398,12.336400815398475,6.86974088544971,5.6030965977999205,6.821507987355077,734193.3131618871,597268.7063711496,573896.0257656863
1.699998709226027,1.2999996312074296,1.7000007375851363,419.16115249381085,416.26390740325394,423.34637649181184,0.4986497632542097,0.47472711374728627,0.335540927960306,0.479866956135886,0.5010496634923843,0.630684500364028,13.691241478372262,19.29433232034858,12.336393650931273,6.869736763285512,5.603093300593409,6.821513320246566,734193.3131655512,597268.7063732985,573896.0257685832
1.699998780935692,1.2999996516959054,1.7000006966081846,419.1611156286464,416.2638752081543,423.34633010415064,0.49864999571934515,0.4747273271584583,0.335540795387167,0.4798665216405906,0.5010492381072988,0.6306837571540309,13.691243270754075,19.29433081861425,12.336386356810502,6.8697326666158665,5.603089869887426,6.821518731233588,734193.3131692231,597268.7063755274,573896.0257715378
1.699998848661487,1.2999996710461323,1.7000006579077305,419.16108014005897,416.26384438657294,423.3462851100993,0.49865022693699484,0.4747275367462429,0.3355406782343446,0.4798660981172413,0.5010488266965919,0.6306830363642945,13.691245162356042,19.294329229787323,12.336378884321014,6.869728591360056,5.603086260457018,6.821524246586069,734193.3131729129,597268.7063778612,573896.0257745687
1.6999989126247377,1.2999996893213468,1.7000006213573013,419.1610460231057,416.2638149900328,423.34624151311505,0.49865045640740197,0.4747277415177978,0.3355405746999916,0.47986568561935217,0.5010484297418119,0.6306823381950091,13.691247180533626,19.294327529503462,12.336371179277721,6.869724534988607,5.603082420160811,6.821529894713432,734193.3131766297,597268.7063803278,573896.0257776966
1.6999989730344744,1.2999997065812716,1.7000005868374517,419.1610132737215,416.26378708221324,423.3461993223622,0.4986506836654157,0.47472794039732663,0.335540482969972,0.4798652841846635,0.5010480478200697,0.630681662913573,13.691249356821102,19.294325689504824,12.336363181208332,6.869720496840173,5.603078288808533,6.8215357064177615,734193.313180383,597268.7063829589,573896.0257809446
1.6999990300881147,1.2999997228823117,1.7000005542353713,419.16098188845785,416.26376074068344,423.34615855350364,0.49865090828226877,0.4747281322087046,0.3355404012039489,0.47986489383287256,0.5010476816195927,0.6306810108654931,13.691251727591634,19.29432367699617,12.33635482241834,6.869716478494147,5.603073796855745,6.821541715176718,734193.3131841817,597268.7063857901,573896.0257843384
1.6999990839721082,1.2999997382777384,1.7000005234445177,419.16095186416067,416.2637360588967,423.3461192296103,0.4986511298681323,0.4747283156557547,0.33554032752005236,0.479864514562669,0.5010473319575045,0.6306803824866712,13.691254334814554,19.29432145390007,12.336346026921145,6.869712484207363,5.603068863900549,6.8215479574597975,734193.3131880348,597268.7063888616,573896.0257879066
1.6999991348625465,1.2999997528178637,1.700000494364267,419.1609231975754,416.2637131484847,423.3460813822072,0.49865134807555817,0.4747284892998172,0.3355402599778953,0.47986414634797175,0.5010469998001683,0.6306797783172895,13.69125722692323,19.294318975995907,12.336336709214068,6.869708521424323,5.603063396953536,6.8215544730819255,734193.3131919504,597268.7063922188,573896.0257916815
1.6999991829257384,1.2999997665502043,1.700000466899586,419.1608958848684,416.26369214189543,423.34604505247637,0.49865156260393056,0.4747286515342022,0.3355401965596734,0.47986378913325495,0.5010466862864746,0.6306791990175387,13.691260459808744,19.294316191925247,12.336326772878312,6.869704601371673,5.60305728844843,6.821561305598811,734193.3131959365,597268.7063959126,573896.0257956991
1.6999992283187528,1.2999997795196372,1.7000004409607206,419.1608699210506,416.26367319542413,423.34601029263945,0.4986517732050694,0.4747288005550604,0.3355401351490503,0.47986344282782967,0.5010463927545105,0.6306786453854644,13.691264097956347,19.294313042043655,12.33631610897776,6.869700739748996,5.603050413956346,6.821568502748996,734193.3132,597268.7064,573896.0258
