x1,x2,x3,x4,x5,x6,x7,x8
-148.6228840980697,-524.6211475068483,-11983.246800987681,-2989.5220903606605,-5.066792006587244,-4683.417191263154,-1464.942986171171,-65.44066304711394
-221.25012027092595,-769.9313432502286,-13132.717683513634,-3062.3446247191027,-41.66330679577845,-4054.4634927219568,-556.9103819325921,-25.014199665220566
-72.70252039343603,-422.1533613730811,-8369.176340456506,-1737.3426525589844,-38.4471150637586,-2806.6957778128904,-1004.0089051702256,-20.448947865984643
-264.07800603832897,-934.2197876248883,-13549.310458027625,-3445.7190319042556,-78.28234501592935,-3554.6946196084427,-235.369323728911,-100.7448064246903
-324.0547554967407,-621.9087697209798,-3793.1418241762217,-414.11970923354914,-320.0770692747978,-448.6489334405664,-629.796125825972,-315.1647354059805
-142.12780908583667,-55.49562093164539,-4995.86330008306,-1380.9565781322492,-101.41929009550142,-2405.152856736712,-1203.1135345360149,-59.78532419129944
-1667.3524169016555,-2123.834035210395,-3481.1261290824414,-457.20586621222225,-1559.121857716075,-97.71264124002523,-1787.672828835718,-1604.6238189963983
-88.80029833281738,-296.84418328691714,-14236.143654829983,-4108.810783998421,-12.65056306658278,-7370.353626513706,-2376.86571327088,-115.48436446259693
-35.28455456209667,-386.45347369088466,-7113.3112252739575,-1790.1273233634497,-37.31803882870166,-2967.024765734984,-802.1559629066348,-55.64451845149835
-342.3456226885808,-1283.9298657456213,-22049.51013536992,-7303.12912747774,-0.1812025362007271,-11841.857595100366,-3714.3149462725287,-163.39533396175025
-488.12937734041935,-1087.60539890982,-7048.545652888679,-1446.7555340462918,-426.5411024203912,-985.7295558427337,-64.38466687523137,-487.12549724059096
-102.59648070337353,-398.55993827893303,-12790.859219439964,-3425.5614467299747,-6.233880217192686,-5766.894525414371,-1799.8139473292915,-72.02223841160014
-16.92816818536249,-476.49800658131164,-11194.2194347939,-2706.3058784504874,-66.49196433985068,-4562.395832799409,-1466.694330857649,-45.421058967666184
-1590.3800508745696,-2380.9492456330404,-6815.006582906024,-1636.792541283123,-1267.034915759055,-112.2507262664244,-550.1757926344383,-1437.033165520274
-738.7126832216989,-1354.4943493434328,-7606.16915179262,-1752.4915215177357,-465.5329076083219,-1058.373316577081,-46.14531321601563,-590.7912940339934
-193.63695595707603,-130.4647203572335,-10737.717186700305,-3470.498636973857,-23.417880191428342,-6148.134109296508,-2049.917009602401,-114.04111862106815
-167.4947342351247,-367.1704159037923,-14347.540417519034,-3831.597421505636,-2.225263112049581,-6739.221472678455,-2518.162227976418,-103.8647767054766
-220.43272175992638,-687.7098088458037,-11012.63816899121,-2481.8555392353055,-87.15442068864007,-2994.6842660599136,-227.68508086312272,-103.10926316649442
-188.59516145154694,-670.4540353754817,-4385.693428814279,-996.615516417607,-21.207850831791383,-1621.4243708270783,-722.4274058882287,-154.5955905171812
-419.5338190305191,-867.5265733434787,-8299.035488105776,-2068.9539132255995,-278.7586248420917,-2062.886857095533,-55.653629179409556,-347.8308566728317
-214.20501419248248,-562.4627171296459,-12094.66758435956,-2947.3219986242275,-72.75925747196771,-4194.361617249341,-798.49629685918,-6.979169516533298
-286.20938225763416,-937.3612974628215,-13177.779269306395,-3293.0764483991247,-101.02040442373699,-3224.293656020989,-178.72667596639872,-137.2799699042897
-211.22208487484832,-995.4026620445653,-15638.447482792857,-4305.322465492982,-93.33078898013169,-5088.129931100095,-187.38654049801886,-189.68300622699363
-165.649237162199,-872.5759249144069,-20457.051667248965,-6970.646674445301,-6.486600450048343,-9570.279899744195,-1893.8212050263808,-55.625002737341205
-213.19931126310726,-1055.5185766747788,-13927.42420150779,-3568.0837475452913,-119.36399831113437,-3731.9474737601795,-157.79284164275856,-189.66911192886425
-1977.5495994860137,-2533.162636905202,-1053.1328649290442,-465.1747722812638,-1827.1895232668878,-243.9765933239445,-2065.9131865735944,-2010.720985718788
-164.35369786088603,-737.3999489504474,-17716.718015971335,-4799.147228669027,-7.1170974422837565,-6655.161805704123,-1533.451646942624,-51.76623277786505
-141.78927808638974,-687.3703262671321,-15181.560852227374,-4362.803409016195,-5.2782044721047106,-5631.723307461963,-783.1797920575167,-99.91589045156891
-1607.8833388769879,-2367.753545261954,-7283.5616584148665,-1532.5544827249282,-1406.3255811085007,-54.054404494192944,-829.2066833950109,-1508.3660997736438
-76.84283221866205,-107.73841030377989,-8876.802490235486,-2422.3023757123724,-54.51337367745181,-4425.226905946267,-1652.5462845334475,-36.61832293659753
-928.6473439860625,-1535.0026057911612,-6606.163599157031,-1704.1155324695137,-695.1512336036623,-834.5970321216064,-55.23751612622218,-827.809446540059
-174.3559455191635,-78.87531521853995,-10091.12870581599,-2991.499123772111,-71.37644067891034,-5022.058792642654,-1643.223801636588,-39.81173315965262
-1187.0224587955738,-1683.129784291464,-7761.578456536512,-1778.8607984354687,-904.347214865734,-531.9471838561035,-120.18746864557038,-994.1400796308781
-2349.688697654782,-3339.184269604363,-13512.046305963111,-3863.8464503902164,-1715.723549931145,-1418.0533629666509,-10.892606828143611,-1995.3868008507836
-173.44767236919802,-738.6834861662111,-16014.815081768666,-4015.228435590695,-41.148013774840344,-5190.7607820381345,-1216.0467691343651,-10.489603977505665
-2447.081591167623,-2926.3166586684447,-3941.873502714733,-1078.429877465971,-2287.596736782182,-13.45571713313841,-2199.5281275949014,-2377.1138118967415
-100.90227831604452,-343.9694286383241,-9267.294552125135,-1973.014446946173,-61.92521251934648,-3353.198124431441,-1173.5733414158972,-7.476471122800214
-1672.0312136917048,-2534.582748443137,-12898.625517346498,-3862.396700896392,-1248.483319439177,-2315.589017103175,-1.5262488779967325,-1424.790430649047
-3706.9454796450013,-4453.822909169427,-5635.834448224364,-2044.2338211911622,-3391.1136964070497,-0.766345161786961,-2946.1831127219257,-3555.991071144891
-67.04373590502311,-238.41874801688442,-6355.432532362954,-1858.8504771869277,-19.661481559969914,-3302.0399426721697,-961.744181523745,-52.87464008484076
-251.75785613293255,-1010.0701489341427,-17570.6973530223,-4832.880942381843,-1.3548167652363532,-6394.416438597107,-1169.302540743642,-110.06885935647966
-1319.0024526429372,-1853.6430221717287,-9543.788806634313,-2333.894237570952,-1022.1635247063087,-1113.8577257127738,-24.360001057120964,-1129.077328051898
-1989.2243291972095,-2480.5891693763865,-5771.6518696531375,-1318.3034515437832,-1772.792888173991,-15.407598196682686,-1466.0555936047906,-1810.0230463248884
-128.28177143449693,-348.1773385483317,-9999.25958172726,-2074.1909460307465,-87.1636786345649,-3260.005397880064,-1147.459910279308,-3.6799977459311877
-1027.9067744063818,-1424.3367209708183,-5717.984065226465,-1107.4068019412593,-805.8910958803389,-202.9210093591289,-405.4729597140883,-808.2799681202308
-39.45772485667576,-293.2260341609693,-8501.245018028414,-2045.3043240287943,-44.68102416104153,-3717.6646484996163,-1303.0137047956637,-27.75113942083306
-1181.1594122421814,-1822.869161842966,-12158.146079353548,-3585.8992820918247,-861.8678939850307,-2432.5310161285856,-3.0298819400802413,-948.7751737042034
-350.79646029951317,-595.2492270820613,-7910.436127747148,-2086.1807145265775,-232.41154669796285,-2392.5855021532434,-123.20698850443983,-173.19806855147016
-473.49476036239105,-750.7206291361714,-4558.5470543290085,-562.6688851630184,-310.48619886456396,-400.6969316493227,-760.1501714705415,-356.0552286957227
-1172.9498093956975,-1672.172983832531,-8840.11998751923,-2659.2327370906205,-862.3409098148696,-2034.2054486751863,-3.8374880717528788,-969.485587976568
-8.465136890393598,-397.24110426675526,-8674.65390465927,-1908.708819909984,-167.32171506806748,-3472.908975013312,-1392.010114488041,-72.19600163453669
-53.83316571477328,-251.25726293829885,-6027.074757955656,-948.5166330215035,-83.77127705746531,-2441.6986758849803,-1394.574094533086,-43.040077780897015
-258.8553030495565,-678.8121502218991,-20832.234309838295,-7038.080838247521,-0.9402644199222698,-10257.267295310105,-2690.1033881198664,-113.5688677738177
-122.63951596557051,-169.4916188485517,-8591.178240298317,-2193.4972102933903,-23.369799206681325,-3819.1725934902634,-1553.7785541869935,-36.750093510932686
-73.54739135300737,-724.9489418350358,-12261.0794481744,-2812.3584537527663,-134.01081293784458,-3679.381602747024,-300.89534819293436,-140.297245186861
-788.9782438083265,-1168.519702137149,-4464.451687676099,-926.8692478222696,-602.7577630454774,-305.85573490907666,-302.4522307359487,-656.7554162478035
-470.10942122523267,-1322.3918620868742,-8071.278984813713,-1138.6109693527258,-290.11751192391716,-504.32043433949013,-336.03507981922974,-345.286309538328
-117.97798455428523,-358.0277872133397,-10663.940349154389,-2746.185971692338,-15.147312433866988,-4143.49596696686,-998.848592913566,-37.07519627155929
-144.27171713411084,-272.8558010046163,-10886.925228680044,-3090.496807955729,-4.81210870915157,-5386.307104808306,-1919.7230128506517,-94.25072480499473
-222.20381159134357,-44.57584445807707,-12341.144182920661,-3932.917050622867,-92.05762760526729,-6629.919559137704,-2270.387629676095,-144.30628427295113
-171.09676661564123,-52.921797479959345,-7169.872757653571,-2521.7844349165275,-131.37823161546325,-3872.4575081319454,-804.1513463688176,-70.58052027250008
-645.3280223453492,-1201.4670806272634,-14290.477486257847,-4100.961216587404,-406.6384675089174,-4123.162328073815,-24.298771323912646,-469.6648876370685
-718.9254365992336,-1651.0554786119005,-15852.266840439834,-4388.828219267401,-412.5203874847485,-4458.518043336045,-23.428599383053683,-472.7503194799606
-35.599952208540266,-318.1095916101752,-5549.003984174551,-1153.4214417535266,-64.13727921842117,-1821.3687429361262,-672.6718469999424,-58.03576924085471
-223.5118058788919,-1192.676864918308,-17657.378307415118,-4680.098771372198,-8.045707174157826,-6159.872702169499,-914.1998283387452,-54.091057192969245
-89.45571523948298,-654.1246390928602,-13778.080125808703,-3433.5877922316877,-9.189574032573278,-5051.271946129319,-961.6620304163808,-70.13710522788718
-151.46150302658168,-765.8923999969019,-18314.665865150517,-5195.502107913995,-23.014097070943254,-7257.156437376758,-1932.8537120591243,-22.58981905377123
-3.851368777332889,-478.6954579310455,-12197.455764808748,-2708.3769959128176,-179.63716525610636,-4243.869453591965,-1066.7469181039069,-102.58950281983789
-126.39591575509797,-155.03036319112306,-6692.611109492016,-1622.9206094327217,-39.68459392433312,-2975.921060899963,-1315.4133545243428,-24.809067373808674
-64.36621037577653,-302.4702123570306,-9541.254441401437,-2133.48744667117,-83.56387945654589,-3495.301957773035,-1185.0827776652914,-8.211707612116856
-2505.2636858534233,-3009.3630031977873,-3840.277371548208,-1298.834801189036,-2269.3679635585386,-7.274562129326883,-2015.3164994866577,-2398.7637239804208
-2155.520967401991,-2914.5934539871087,-3323.389585579124,-650.0429096803729,-1940.788285416196,-58.610804689837565,-1928.3322558983182,-2154.239950361915
-238.45369931490183,-416.1375680138416,-1821.0128599034879,-603.7015031127971,-199.4560564887381,-751.7818653700443,-406.60140110610394,-211.38141592757327
-205.78164341241555,-585.6639883567042,-6028.0472901286585,-1347.0470451042224,-6.661466453151023,-2344.2955583793287,-1316.5319443910282,-98.90827787520575
-255.53333377759841,-825.1007673901566,-6419.290027029329,-1369.6599426755686,-109.91070934902051,-1338.4855160997197,-200.86285062939405,-236.75500575483034
-262.31170819874984,-1080.1376787296945,-13973.687815804904,-3677.904066767874,-78.0764585533036,-3935.8103567914536,-227.25090062004196,-161.72914280622055
-58.02212510905951,-336.01493242632836,-7900.276851468484,-1874.9393139522524,-35.3184599967027,-2941.5845229241995,-764.434557296516,-28.760412402491788
-485.79522038062487,-879.6723250943113,-8627.989663452463,-2227.5450032268145,-362.57161903863084,-2261.8497600166625,-35.233662450285756,-392.80146279808844
-57.20411353503374,-372.7290138551674,-12646.739551155088,-2686.6127553692254,-100.67092515732152,-4465.350501908133,-1483.7117080353237,-8.027972467783608
-14.164850487573164,-494.6384931303623,-10917.88791046822,-2699.9792819100007,-68.81319365078635,-4323.907073842636,-1052.119728656229,-88.82196717628804
-572.7123071963263,-822.8147660206945,-7003.944720655316,-2200.853195028101,-441.5094312291116,-2280.737489362022,-21.665181045948216,-502.4155253780801
-2002.1672611386894,-2911.81596755188,-16340.64039038123,-5589.949193712523,-1588.3060192023427,-4966.311933778572,-0.0673715808974268,-1815.5825286422166
-17.90936285018977,-209.2171703878207,-6536.840165642395,-1383.9480085358243,-132.6807099031603,-2944.221075898462,-1453.0218405686546,-78.42469290889437
-1354.0312767218425,-1753.3347867009106,-2893.2927274861995,-526.7922936458707,-1216.6030841323354,-101.30718745600895,-1471.936730545901,-1282.164934327383
-1427.0193596200322,-1767.3530975995238,-1990.9919417658027,-243.11130372265896,-1325.2358014286865,-236.03863402806493,-1671.8311531402103,-1382.7750506352327
-154.12897024568187,-864.3481712310422,-16676.47941398856,-4506.468720113264,-10.145292335715778,-5732.348310545758,-633.4129514477316,-81.5550166098979
-80.30705789270084,-389.88837262901797,-2915.557982991417,-747.1338309513391,-63.33937008251718,-2032.505064338551,-1256.351255766986,-95.38141736518692
-210.90271422403592,-948.3047334351077,-20971.03323557994,-7040.291378016678,-0.4695176282918239,-10386.726137271446,-2547.2254900014714,-166.92253199575225
-35.54349409345395,-430.08695306286256,-12602.202637529073,-2927.9494257790757,-42.38187740844684,-4832.06528147461,-1459.9818007079728,-31.11437589085635
-68.18749858828116,-134.0139736974537,-5433.473938858968,-1041.7052606235954,-153.20898799147798,-1851.961345118052,-880.2225151186665,-49.843004980845336
-151.1041069353537,-735.900894596879,-21620.97617402072,-7118.384843735242,-2.460060132540131,-11524.164986159774,-3494.0430343422813,-159.6296441377293
-114.10746455833855,-364.8801069851899,-9824.233451421253,-2647.7549650031096,-8.225911278947226,-4118.421126617272,-1079.9373600984193,-55.88523543891631
-1327.286603111218,-2257.2813614241827,-13650.564823927923,-3939.8711862472833,-945.7932996555987,-2879.819960966135,-1.555209784054107,-1053.496864688834
-525.8110613187711,-872.6531566932124,-9874.738480181022,-2809.5127316075173,-365.51160891434563,-3115.4373984433314,-32.409936089516805,-406.71568922021424
-824.4373578478924,-1080.335561039927,-11441.621661791942,-3783.434237987673,-583.2056184715585,-4369.54326240727,-10.990888828187312,-611.5402308226413
-182.9236932516479,-154.4909654336431,-14615.071046967729,-3960.6697833102658,-15.695853829708215,-7154.011145597455,-2927.746774821559,-72.52574157511278
-1159.4815806260494,-1734.8904532921415,-8215.038404116158,-1293.2881520510912,-910.6027726348949,-128.94975160521804,-572.7178741489453,-961.9131062382078
-1260.7652941622239,-1907.5487602072267,-12755.2500128041,-4109.045522793225,-954.1587203751722,-3320.329510764584,-1.330853220896786,-1105.3595057770403
-133.30745451490154,-121.87765640774397,-6057.355303996111,-1769.3406325976948,-84.03529889145159,-2957.7674280847323,-988.0456614164732,-19.59411259455713
-526.2236307019182,-1161.0322729516251,-15921.34127402737,-4540.067145221768,-251.21782466151862,-5100.122693971633,-66.91925545141903,-273.71463638308956
-29.469923512203085,-322.00230374943624,-4840.4502975067935,-1099.3281690791152,-58.13676449506848,-2443.029624648682,-1113.3346181082445,-75.04857276107488
-67.31175067643817,-577.0103494673402,-7694.041798105505,-1837.2601254159417,-128.96186568830967,-2467.3376126989688,-329.2759146800215,-162.9897497362417
-1248.9815668964754,-2277.822000820552,-12650.04336866916,-3621.2966706099282,-1003.5195326950889,-2398.4292475877655,-2.32742490616511,-1183.4138714617093
-29.81721079141254,-502.19349684435696,-7558.155545268224,-1655.0649241396463,-93.80505646348303,-2319.1132939403387,-518.931182702958,-109.74138294615494
-32.18945442211723,-174.5738648944519,-7642.327518331544,-2260.317279001831,-58.9220981236335,-3868.3869409242116,-1104.982674068025,-62.886375795046355
-1709.2189168209813,-2346.5600628073084,-4382.32900342088,-990.1122922731868,-1475.971192894678,-31.126678326413554,-1318.4394247134062,-1653.22608507767
-586.4960216108526,-1506.8827084909162,-15067.034987376182,-4168.722817018568,-335.7135689400109,-4311.499264095468,-35.911907112889,-421.2043180022153
-59.27913141128557,-648.163652357515,-20544.247192599705,-6945.317512328398,-20.13485377688489,-9884.600289691252,-2409.4962654725737,-46.092918534592584
-14.20462404446573,-404.3288065542684,-17213.08811696372,-5713.198028535462,-80.3819135471718,-9081.377426308833,-2314.115876481855,-117.9498195688005
-156.1983560338669,-546.5635832326941,-7887.260164701583,-1776.124336906149,-26.403445314556368,-2359.22756015368,-540.0972194257121,-43.281055376401504
-544.5161713517483,-1210.9157802719685,-8477.592288816506,-1909.1352870475453,-395.499351216934,-1511.841914230738,-32.949386833260355,-472.27120318900666
-93.16789231482299,-402.84279817907475,-5197.313681392302,-1091.6065857123035,-77.91085170467514,-1434.704788622093,-344.29007552958274,-89.3745882508082
-17.165577218695187,-457.4116967745568,-7964.9377337023525,-1466.462089965367,-141.4107545663267,-3166.7009337143145,-1724.4428055217622,-39.81390455214909
-1247.8293453108809,-1984.308104437639,-5965.038499101103,-1349.1265507294515,-938.2577764662608,-157.93821725349372,-458.24209023651144,-1104.1701265463935
-150.3454579506464,-711.4636059115558,-11936.29747666412,-2703.354706901526,-34.51546881308129,-3606.872329486774,-569.2115331164846,-29.025485707370404
-1211.4529583906126,-1807.7820493214565,-8851.27527969324,-2318.5645950185476,-878.9364198085988,-1321.30855182605,-15.867542822420978,-990.6913657581938
-125.73223151780066,-576.7195072839216,-7783.871903865046,-1660.719430701059,-97.98303926432429,-1976.5772785649488,-240.40524467077515,-97.75427370948562
-100.32066748410982,-202.60009875912078,-6452.511313430347,-1300.188044276941,-77.61324218926731,-1953.2605031117891,-732.7655705818561,-20.85152611842364
-195.7249514586946,-861.0660561653908,-12753.912181957583,-3086.3796792542703,-18.670052443295685,-3898.937393349819,-479.55898081920475,-95.84356871382712
-174.29970366904612,-523.2279697746264,-5071.65545687848,-1295.9952620452318,-89.45720858853309,-1596.2678386280513,-220.95268810015705,-125.30798097807555
-381.8250344446701,-634.0722944796133,-2989.378430407723,-138.03646805307125,-333.9514221002609,-922.7733534489752,-1118.0822256867314,-356.5400696988521
-137.930692437082,-384.44294546234994,-9078.178771487628,-2192.3966092269916,-43.914628702211154,-3464.8156341740814,-1206.6045407968645,-10.496162211585935
-769.1673538271657,-1500.6535155063543,-12488.575776971575,-3474.3828382292622,-468.94524467860714,-2833.5387387479586,-17.05578254607834,-562.2045240345943
-124.50067711537072,-393.7211947819459,-6347.420188392289,-1697.2997502089615,-8.766664190859684,-3572.891522449178,-1975.7260818444697,-59.99887583995911
-2492.1367326331588,-3086.3997617940313,-3047.0658946666085,-658.0492150011133,-2315.1987725525432,-58.540250609382674,-2442.8956596816315,-2498.9142156715725
-94.45114982206024,-437.1665255946893,-3309.609729220125,-453.61744263707914,-170.24274629198936,-2132.741885146514,-1352.2507111338225,-173.2019021634128
-547.4081599698943,-1168.2159563242396,-8668.976437765348,-2226.659555953665,-459.11994863102495,-2178.2073817827704,-22.704768075877247,-536.6610018204728
-559.5906782938459,-1186.4652691751196,-14632.810830841921,-4375.406996715648,-323.40517579925023,-4709.060336685116,-39.0016183928998,-408.22268819298216
-162.5270092550103,-182.7005010462071,-8957.611626974493,-2551.625170926405,-12.331628104871376,-4335.447477155215,-1600.1802382997578,-67.18383542441453
-145.7008852242752,-524.4103052270469,-9170.318492169172,-2423.575184517459,-116.53165697571849,-3217.4351212022434,-244.30953587636736,-84.81841646246126
-287.85733462750864,-817.7629100404955,-7982.075153559308,-1933.7606123155117,-329.9081130499235,-2146.862310328088,-94.10046369455614,-346.9202228282474
-278.65335973634717,-510.5069196907975,-6159.519520428393,-1247.2566082229891,-144.6569796774419,-1401.4367194944648,-319.77829300601167,-67.79474056794828
-1115.2035970974357,-1783.5889772920968,-13715.735273776088,-4025.125830166757,-786.0564117186168,-3364.9377433194377,-3.088706038124694,-884.6000033312255
-169.08172187571168,-336.92104655514567,-5106.763754981279,-1388.3597864482147,-61.16240822918607,-1971.3093049406368,-345.10297798639243,-59.45976330287972
-50.198421321787,-466.78005354392565,-20311.015971282264,-6914.5752191333295,-37.65221208003659,-9793.047476256172,-2257.93131570783,-29.768392071453974
-934.0587643739782,-1595.4362090897391,-15169.144434056023,-4860.336262085442,-674.6183853016882,-5065.502094129786,-6.883771882062269,-811.9694362603631
-8.651217659624798,-488.6142773236202,-11992.150034981993,-3091.6583056279046,-101.83901746187789,-5377.680091442877,-1733.581631932217,-124.2228553568821
-196.71815529999117,-68.359859800463,-11042.541339376747,-2772.3644594668854,-75.82696781826805,-4929.677807170133,-2113.726577743235,-47.23095939943539
-1376.4245614613255,-2140.8329267365457,-13986.107562181638,-4563.594866430318,-1161.110597680266,-3899.1180006181953,-0.7341540241731201,-1327.284355516167
-172.37305687188913,-390.36642566981925,-5945.44861871221,-1556.2811394671726,-107.73064797770448,-1952.0707675935953,-189.32731840673654,-130.72362191931236
-110.7926958994554,-310.57777385847453,-4587.195717846785,-1115.3940307554406,-27.573092108828696,-1918.6312532799545,-933.7186797130562,-41.796028017963344
-65.22215053865798,-459.5558460358572,-19266.116544608434,-6903.886295679233,-17.025192683341704,-9792.820046966102,-2161.211312945166,-103.98837098244108
-139.48536877853635,-383.29560182319443,-20217.164859592536,-6985.011967752503,-3.458802794016913,-10494.260543126518,-2947.5372113578874,-128.1564757801087
-2254.5186825488017,-3019.7429767342214,-8006.077266340737,-2063.3798075409236,-1850.116903249508,-50.343451766551794,-842.2813823446385,-2066.5619176855166
-2179.6489646726486,-3034.588773870211,-15204.796886374359,-5125.837499184006,-1705.6038945861662,-3900.8419290275756,-0.05020827978482538,-1920.9892222803624
-111.37761257565222,-186.4307833531778,-5988.418912581246,-1760.5082389898355,-15.101438698993206,-3094.626099239131,-1177.4756791158065,-60.67517087273461
-223.6944444244109,-652.5755355004602,-12209.747288781498,-2575.684590942036,-55.927671515576776,-3429.9513670591,-1003.3351210184762,-7.428458274681501
-359.6151007903706,-488.0576453003569,-3847.9695977549018,-395.20167317040796,-243.75207893219803,-621.1452019878076,-847.9552138103235,-227.77744028145645
-163.31557113841464,-824.13412865354,-19981.83766578285,-6698.211605340573,-13.944782049027035,-8989.641608387132,-1635.0158556479223,-33.739724044114084
-1265.3698476311997,-1593.7031174779604,-2570.993155089776,-670.7588596476271,-1085.877349385699,-86.21645093647963,-1319.9388642453775,-1190.872936859978
-541.3084719882077,-870.342457372433,-931.2770273435619,-407.2712626248307,-475.943436914675,-622.2676910874351,-821.8437823805122,-559.3170990069998
-356.3893150664458,-941.3332542706476,-9260.13984908444,-1853.3764702879378,-170.48978407236487,-1755.0205555022253,-121.02324577705814,-181.36446573083572
-969.4183308723444,-1477.8311516711044,-3003.4183064085946,-775.2719697466671,-742.18728707259,-126.86407275283688,-727.7215825134474,-914.6612217208383
-59.16165029339165,-163.65048249339557,-4923.335782423156,-1097.6172313650882,-71.06845278321161,-2045.7164243533107,-953.1162245640371,-33.42654300105749
-177.42340733554903,-863.6296826940991,-11974.853614919755,-2719.6043207282,-34.56266445876198,-3388.667719240589,-376.49424374756046,-90.60066291130188
-130.6311492717241,-711.6406392231618,-7663.086038359488,-1553.1205685630528,-118.92643312659655,-1808.1342122468677,-208.2714273234379,-132.87406567458024
-95.86588196501806,-202.37300034264453,-5921.947352965096,-1404.7952073417205,-47.114754125666266,-2475.4797936141103,-930.7631769857497,-18.570200011993172
-197.06844557510541,-423.48804603348384,-3651.2305582380363,-805.7979089922794,-112.36397210700792,-903.8187217476892,-348.84868406676077,-137.60499658653234
-20.31473873943063,-438.2722297990333,-8745.732719522062,-2147.498797104313,-61.26870821735594,-3421.8737590208184,-787.7580049414044,-65.49774522688776
-96.80918555292541,-533.2690060255203,-10888.532305254243,-2822.2520930576197,-13.713391486958884,-4209.4962562502105,-729.8687634305162,-58.10024539985689
-220.78679213060659,-114.55692980596412,-10495.430695664314,-3273.250796560661,-30.580494212350235,-5703.037130838538,-2088.8191402623406,-126.60491255535626
-174.08907469382336,-355.0109141942849,-5674.436549108643,-1068.9089651869954,-86.77925193538047,-1469.543446254256,-892.1417774729299,-32.91168172941748
-1612.1355916228906,-2290.340826403229,-10970.705975605997,-3499.9858102296016,-1248.3010983303213,-2218.1185792677657,-1.5280341204729435,-1442.5115315132196
-3444.726561453953,-4353.775907797723,-9309.376660117126,-2628.285999587924,-2950.4853575914017,-3.8555075478383536,-1846.5865105521257,-3187.8717831187037
-251.03063274064738,-405.2259524466324,-4448.401864762439,-424.60033120351164,-169.02032692771712,-890.186331139024,-976.1476523858611,-148.6690442402288
-93.06947510885246,-472.8457130388755,-13646.262344495386,-3285.0932433425505,-106.56315780810188,-5158.374711333025,-1303.0250812575025,-2.9897109840940486
-622.9467036627942,-1464.6114415231214,-7490.255507607707,-1296.3933236479138,-374.44114393170236,-509.22414288344083,-238.92516889118724,-496.94224190134514
-96.68425759327401,-80.73410512298346,-4685.109704416076,-971.7878261094655,-125.93030372788175,-2292.0274785092533,-1279.157068273694,-66.60954099210936
-1408.5662751741081,-1876.1176071138846,-7885.925784623912,-2311.3424559801865,-1099.9383626482597,-1125.0983552358318,-23.336745862982855,-1244.5923311199572
-141.8778208120854,-469.88647704217294,-9707.38791075864,-2244.686585703822,-69.19377118825257,-3520.1307376748387,-1205.3331747405198,-5.141078104369863
-217.8939084704453,-279.08034989167993,-5006.471708640924,-691.4591101750653,-103.5023453589878,-1194.4137613501266,-927.0936550366926,-68.87914148009095
-237.1977414674753,-176.4149550396826,-20947.584030254257,-7155.8426759514105,-11.403820544788227,-10994.218087633522,-3543.5156326738384,-90.90576697702136
-130.87583740090628,-390.79235390851153,-3614.6379730557023,-401.8434032311744,-114.44903635300507,-1523.0555943689787,-1073.471166617472,-130.20105545646592
-82.60266989276406,-378.7544165838737,-7983.6762014034575,-1594.749980069613,-72.28920585375448,-2431.364923129437,-831.6085425603575,-10.985688164188302
-83.36624436781045,-311.3527296603117,-4308.454348936331,-829.8911451791469,-107.52614267144335,-1274.061653442461,-499.98451997522056,-60.2040938404544
-71.35968793134477,-95.0145501991384,-14474.607972570893,-3756.426684251552,-111.87756918828332,-6698.952098859453,-2523.635518061746,-49.88058826624838
-1390.094759566701,-1765.7327829428307,-6545.44187989868,-1559.5339721107587,-1115.1569369766626,-203.65815897309272,-363.7570915517112,-1219.959540137478
-192.51504020913092,-866.587482743831,-16422.445254883238,-4368.203787088699,-5.1432348014203235,-5666.5365107896505,-955.4001257120932,-68.76352925213354
-7.290965978073278,-399.2299271344885,-13256.688436378914,-3168.223839479257,-102.50127586733403,-5217.885471551447,-1485.304602137925,-67.70064254899978
-1525.807384134796,-2391.5597165126287,-9661.892281975453,-2139.74462817699,-1111.536589373444,-570.8684502310375,-110.46664617988431,-1270.2845810499798
-55.53512746502634,-313.38701837783367,-8445.67377674416,-2270.732110968932,-18.53012804016601,-3884.0072645034643,-1310.1559766457046,-61.67469717404322
-195.68834733957652,-793.3000927569217,-10433.321365526115,-2188.553062256094,-69.69281361808719,-2670.096908247401,-298.72023506880663,-65.86287251325228
-226.59646695943658,-824.3423251402556,-6993.64770318025,-1827.4690802021012,-1.1244774697621889,-3416.8008215283444,-1789.8480015869852,-174.45597538226062
-1693.3639073625814,-2520.6898261161687,-13862.358940180564,-4438.328253761711,-1253.5053197834739,-3360.5355472160204,-0.3290437187700337,-1405.1243927515927
-2056.427389172439,-2910.157965601223,-13079.769662875304,-4125.722300308152,-1501.5865693298845,-2284.174452690816,-1.2005513077272711,-1701.4855371665437
-213.29931421783508,-499.72319407945054,-4433.470247907315,-1572.0012267580375,-6.730885293956545,-3331.116604163316,-1807.867417464319,-166.36790960297924
-54.76963613027794,-350.50880842365433,-7883.3334069962175,-1873.689997586586,-30.44673328265841,-3741.1759346321537,-1580.1641499323157,-34.2794473110937
-1154.8493070430663,-2193.0621735131194,-16295.702873443697,-4676.815346971382,-794.3195184249297,-4391.249364209413,-3.1594634436683404,-952.7052588715407
-59.617186455695766,-273.0861742316734,-8081.278572776842,-2131.393341193415,-25.84553540569214,-3709.4200927915444,-1248.8707056175529,-31.42583507983331
-408.3320935770007,-1359.2971875922944,-14556.426466933226,-3683.328274704568,-162.01214900216334,-3708.9067875582286,-105.36815989356572,-240.40260437390694
-133.0435506890543,-727.2886916656811,-15840.532135180983,-4227.15812530351,-11.118193939642525,-5672.805350847547,-1347.3675883673673,-40.73681330510023
-61.031694377889224,-594.0096758204935,-11569.519985120267,-2449.059623639908,-42.86381764942276,-3637.1683200876155,-985.9882495802939,-20.837641623686427
-16.743210239064926,-248.46566222273105,-8054.734870551375,-2397.716791856426,-78.66069172470212,-4120.431098879044,-1184.825802955669,-83.29706864844154
-102.48141077723857,-330.0455957864268,-7367.354686575288,-1947.6609567806752,-11.946529012618615,-3042.880711755445,-932.6884682250983,-50.158718862831584
-738.5116907610535,-1555.899733207965,-16369.055952673909,-4779.967493735312,-451.03493190876816,-5230.560491252601,-18.693770563122847,-531.0526241748956
-1732.2324497144607,-2143.983805752808,-3890.28104948639,-1141.9417199929117,-1520.6253630737672,-29.060993060057818,-1115.8539170019628,-1612.0248408447142
-2631.8574251667687,-3240.1889253931395,-1893.7304053346768,-419.5681339263694,-2453.3613503121674,-159.7568391362817,-2654.224386007942,-2669.075749833482
-181.8348884187143,-792.0219856894136,-13746.327692488734,-3091.4794083860033,-46.474227647534754,-3772.1435585922977,-752.4914659176144,-12.907260763307821
-1688.7859974583848,-2628.2365920837296,-14327.32030910999,-4469.472495908212,-1276.8572831854988,-3316.707402631091,-0.2979849394445741,-1464.282466988388
-148.64828417519394,-581.9281992396512,-6372.761311903625,-1417.8928230117317,-64.38742633891218,-1763.6322504629782,-320.975111537116,-67.72233049839377
-993.6533297218253,-1511.0126267281412,-11682.972964437075,-3211.20718418549,-673.5135664204321,-2885.22360189185,-6.990119022410747,-712.2058705244266
-225.68005390307906,-856.2837564537218,-17961.624744046567,-5213.042915462689,-1.1912951233826086,-7079.889315128095,-1448.2025931355424,-106.95509125886004
-169.50860953862946,-710.5958557232664,-14322.180533881816,-4176.035742776041,-40.83553423390414,-5016.321654716416,-333.7654936328786,-92.79810439887532
-149.07777588462534,-520.757211678628,-19480.364376198933,-6915.373001376223,-3.4929933821856514,-9368.243482646327,-1757.791952906047,-77.21012567646669
-637.5659581405687,-1046.831111697623,-2927.498713748892,-411.8102729177306,-455.79453311117015,-300.6346893010325,-694.0974549569268,-573.1558438033155
-123.52299673683909,-425.044260495661,-11182.698512633244,-2829.258755042618,-22.383832169626128,-4477.999220222196,-1277.8126417872058,-22.65053638031155
-1981.2741855431138,-2728.4297476107763,-8908.1500674498,-2118.9270632051653,-1568.2393088164922,-133.33045716771076,-506.96437263351686,-1759.327363070414
-149.42632610264178,-438.2148234762584,-14690.286599504634,-3932.814361825247,-3.300700009324002,-6465.734799038149,-1972.8238137321152,-79.38511879533691
-4.176989808104753,-461.7755176759662,-7911.73340031495,-1574.8154385535963,-230.85925853928532,-3962.8550460682463,-1986.853251218606,-169.05494313149356
-95.08453170390653,-824.9310945695883,-17143.649685927743,-4947.822072619195,-11.567209692179887,-6549.562187944198,-719.3369278208557,-80.82208233423466
-160.49114627800338,-246.78268261504155,-6869.39005365892,-1953.3404200514728,-8.524453999810982,-3403.7129436736736,-1422.7087479109205,-65.50288977918913
-133.26103895229338,-466.1210688380911,-11733.967787762327,-2648.0420259241732,-30.53796965628863,-4296.316281623148,-1362.106047652227,-15.795695165721671
-210.9922175267851,-321.8497017477598,-5806.224050787159,-1121.800145359155,-123.51359350383532,-1550.6240079997135,-603.9669164166709,-27.64033342029205
-155.7627205363985,-303.5697829844918,-9666.426135951766,-2354.743805681827,-37.83807645683964,-3726.088314806642,-1364.0645323902215,-13.228052530481797
-175.87644716694953,-350.6685941445571,-8494.102329572092,-1664.7014304918723,-102.56846978338557,-2465.4139165568363,-879.8118963439134,-5.948859248190481
-190.54821772005062,-169.0501913222271,-6972.331148815927,-2327.5751540306665,-70.75255290315664,-3167.269543085667,-307.38474673801437,-117.00501946947355
-600.3049522608773,-1010.9747705084097,-4695.761510884846,-1307.437185777782,-449.86543688434455,-928.5863375705213,-56.60075216333626,-549.4234554859698
-79.45179096588937,-443.1266555029522,-11793.543372025482,-3464.73183600429,-40.96698499211546,-5051.620816481753,-415.9115049782269,-87.72042149619105
-1163.342788026609,-1622.3351668936705,-6494.087757459334,-1577.300238106345,-884.3535761781885,-483.79851247476734,-137.78664375858776,-960.0553648231479
-605.4705562974129,-961.7902627301955,-7962.058510376903,-2157.8070987970495,-404.4627178380532,-2168.456634666811,-31.529785368481047,-413.66156732448934
-2076.0192445625144,-2545.6998520295365,-5042.9804598817655,-1203.6153756693816,-1861.158820748691,-14.046720251824272,-1673.6132420649217,-1906.8842547526622
-388.0272735951527,-975.9917215766899,-6090.92056784291,-1129.0436820699545,-175.29540958710882,-818.3059949170218,-266.0198457005187,-317.51200799907235
-173.07343689029173,-676.3068869410013,-14593.655099235777,-3946.4830522001457,-12.769417186847352,-5065.232700474248,-875.8962850591213,-39.964979678002464
-637.8187421403221,-1019.52834581056,-10340.279263641967,-3270.7417243120844,-487.6873132548806,-3737.011760088329,-15.944249338470295,-564.1810911081634
-301.59482121153394,-1083.5899645056297,-14371.152642494504,-3620.85917465159,-106.01967853409032,-3756.5611538935723,-163.42085362184625,-170.4622954222866
-1426.1947027207652,-1779.687270644355,-1411.246638485452,-748.325963139059,-1280.419963688936,-93.66771826233915,-1091.669224427466,-1426.0915500588228
-176.14786496206125,-722.348968659848,-12320.857034012164,-2689.98849879345,-32.43478127923609,-3693.201031681115,-795.8305314377595,-18.451551580970875
-494.8351625825372,-855.663358579082,-3874.3016378669445,-154.54582897700726,-523.0439781393912,-632.1476883796162,-1206.1580029326806,-499.1990352760747
-333.69256197639595,-663.5036896274753,-4656.015361286726,-407.8736826093175,-395.36095136920903,-439.35878682547064,-699.3273568282855,-356.4848489050395
-88.47359302058341,-355.35283470749266,-8623.818200445981,-2159.6437305464037,-15.262689421708858,-3574.9860338137023,-1163.5414430833848,-38.10068101382463
-10.03704993135898,-306.4818479391662,-6257.44791999514,-1472.4787297307248,-120.6303437897147,-2723.952096606984,-989.7592331203549,-83.12434500111404
-298.7974846489084,-520.8238018743358,-10093.214664769532,-3110.044348937518,-123.63289767322237,-4061.1008098048646,-140.31422570242972,-217.63113273054256
-146.9516340533176,-87.50545085970718,-6325.692637430152,-2072.270107511564,-66.4559596521144,-3388.675056061221,-954.9470391973387,-36.74797801801568
-1110.884462669597,-1597.9311211973002,-7877.90956279841,-2322.9579127312713,-895.1243815116078,-1548.5924484595403,-8.72013611077116,-1017.2988260672406
-492.7280399872325,-789.9622827765903,-8267.95983963766,-2451.5610620386806,-357.8267368094238,-2693.3085748014314,-33.143059333969866,-410.0551327794103
-135.93516868573425,-454.51080197233375,-6231.0168959093035,-1296.3336696499068,-57.57533983520399,-1832.6963119419859,-532.5516570408478,-28.10687018800955
-160.03769894038348,-283.3927049147863,-2322.496316792953,-458.81861295337814,-141.5843812957113,-957.9615241796693,-685.1490263416378,-141.14083400744127
-131.88998686995703,-76.76887624616033,-10603.016888332912,-2855.848845854371,-66.18943455132418,-4955.913423989916,-1869.7458582430818,-43.029821935226195
-1000.2090872110188,-1331.2898910955603,-4178.200368631366,-454.0812663531714,-863.3348231210313,-179.14568587303071,-1289.8533163249326,-877.883445006929
-2788.282360612778,-3409.186690680373,-1354.2541524084954,-369.32086793854114,-2586.4945147387684,-222.19750457730976,-2841.164057517776,-2809.0461282745973
-382.0653132893921,-764.261433730131,-4336.343651855383,-849.689393321362,-308.8244219871149,-512.4762673981169,-223.66804546012347,-352.0334153158986
-2215.925040370269,-3216.4819864774818,-8550.470974221658,-2181.0690215844115,-1743.9470738529508,-68.71175686047552,-729.4034078125718,-2059.6101033376012
-210.92619718093545,-772.076435017616,-20337.310372526324,-6970.0990834408785,-8.796686025405414,-9404.903978400542,-1811.9040620091569,-44.891436046261376
-38.11823060422359,-168.4102716344137,-8181.175833557962,-2443.927531079437,-49.96072107930981,-4238.966362258776,-1351.6718511243694,-52.70690773961008
-200.74763235028365,-270.6509139338949,-11639.138982257917,-3283.8466742755236,-24.60249385146068,-5153.74723268601,-1405.2268833783787,-26.822725494308102
-135.0117506990403,-486.7276356768651,-10650.206668767494,-2414.4075922915536,-28.737447800623944,-3639.1989044051047,-1136.016668994497,-17.72179773565672
-1477.7912978790062,-2194.9236401264784,-11532.722521992819,-3545.359990049498,-1152.6294251580825,-2327.9753576252274,-1.4199777731865417,-1328.1022395926975
-117.20661400163902,-620.1744389641935,-6663.594833678684,-1419.5287398688224,-91.65775854580953,-1685.372967076554,-267.2365947459618,-92.92859864961193
-69.42355960353709,-764.904527938716,-14525.817539580261,-3758.79979994529,-15.286575854759082,-4947.853961831053,-828.8088100200584,-79.57704205418743
-3348.8553542392197,-4113.781044795646,-5505.450810498367,-1954.1833811116041,-2990.565214209032,-2.3851486809814353,-2256.940056405539,-3246.794908854359
-607.8474616408155,-1248.074121856262,-12842.516434866118,-3577.6284051760194,-341.4678408194315,-3267.2959206429487,-35.33596555853585,-395.94019071897503
-32.115660645242414,-146.12841141723385,-10541.024349452127,-3046.2930109868507,-125.62776779888755,-5303.190679193416,-1732.1951676728313,-95.05383512409038
-302.0156139245237,-9.230171965232866,-8984.763342772952,-3135.975498074601,-210.9987577931735,-5465.514074415094,-2082.3419160208755,-192.25541768420126
-2226.6357872407216,-2818.1357952126396,-2460.664577767001,-326.9508321710062,-2053.710730864586,-160.51401123105535,-2259.748137347932,-2238.631148838634
-437.1203885370942,-948.8488880507036,-12785.025324485518,-3313.564182837063,-211.7403155041723,-3667.261510289672,-81.81190938644937,-244.08646791335784
-192.66255123290722,-352.81486404035775,-7709.352151993959,-1679.5947116559646,-67.53989912991668,-2539.544876283998,-944.0738145553261,-8.44030447482576
-2705.3897083670445,-3649.6311060895,-13141.86671011222,-3733.931230182104,-1997.5703765321139,-782.1908264685429,-60.769339034378575,-2343.6207450561046
-291.4300956072848,-1254.0176887047728,-19901.016168615013,-6946.677866104239,-22.716272681636116,-8524.946398318767,-436.0315749322483,-116.96747444772694
-79.534605945235,-295.96833577620396,-12426.813148766898,-3755.7157837258505,-12.166713539601325,-6106.779479320411,-1148.8188343948968,-72.14780012345017
-89.17466823474814,-79.34119358509406,-13891.526216323045,-3971.0771838222204,-71.7939810196732,-7084.754898001559,-2418.8916009391232,-88.2508826032767
-1349.7334467740811,-2261.8806838916203,-14081.572841513824,-4171.963083146803,-960.1431489988915,-3271.2508558830964,-1.3231660778868612,-1079.62095474271
-18.270121255875477,-428.2106352406112,-8767.664348041377,-2160.0487767125333,-163.37263290538908,-3227.674220784166,-602.1190202718684,-123.54296293214568
-128.1509757525152,-307.8446964185389,-7390.347170507031,-1542.4419358030343,-46.413068933069574,-2621.6942084762454,-1102.7129844440774,-12.134140868404362
-138.6971396055138,-813.3295371578694,-12838.307690527363,-2925.937163773074,-46.81010918140519,-3791.1029125977643,-363.11216621873336,-69.07696434132218
-2139.1003527795624,-3125.4851332615567,-17118.39917124212,-5719.573720347221,-1655.5584369459016,-4959.87381507859,-0.0535452117782761,-1897.2083602406124
-195.99458297810193,-600.5601448429899,-11290.732636350309,-2229.3152964508004,-89.24788676721411,-3038.3657596076882,-829.8854691467108,-5.1913651860348855
-222.90253917698772,-468.0478239802379,-6757.742824568967,-1814.1115653250279,-147.6556254907749,-2264.1276506845415,-186.7775818131925,-109.52079647326114
-77.6865238186564,-585.138381988721,-7138.12306950308,-1377.37177632335,-40.30452494934895,-1844.5714330601043,-554.6678961792879,-78.93828891230383
-105.45177895991287,-350.47591087271,-20400.997681470984,-6964.665018610978,-7.937839463883806,-10648.140404957794,-3188.830638883264,-115.86255603953943
-197.6176638202984,-705.430584551288,-15389.854649802654,-4219.640577488573,-3.6924443433592344,-5619.454772199377,-1402.2645546143474,-70.61142170276307
-184.6551728286867,-1287.0933909351859,-20078.008070203807,-6937.109028710573,-10.207521513947796,-8800.204405525454,-581.6977623797618,-127.75752836873782
-112.21455419327576,-316.9390801523332,-8095.224034007992,-2107.932479543775,-19.259806449013727,-3436.9862312056894,-1091.3219224735426,-28.732438208851068
-101.60658724097974,-606.073035916688,-12946.439045267982,-3000.6010968362393,-26.8066408585214,-4481.429040612412,-1075.395910847342,-21.844271488131938
-153.25684652398317,-660.9515552815113,-19059.595293134847,-6326.891698170404,-4.395867919767358,-8613.988079679297,-1703.6734825119977,-67.25746095884779
-41.93787080218005,-466.65248349729154,-6893.152296557693,-1231.9201109344435,-112.80860361407568,-1699.9447519572423,-481.6022394376442,-83.71772656278348
-218.1799004484507,-653.5941507485336,-12316.779658080299,-3040.184426580106,-87.10345949633403,-3878.647943308092,-215.27711114455732,-114.7391212430011
-19.435796130799375,-293.215448902322,-16550.93639994251,-5943.448333412247,-82.85097437679721,-9102.014695984642,-1926.1157285388822,-123.58642084631684
-59.5264729593536,-563.4629545458906,-17586.31877499856,-6570.227911590589,-23.417192341175912,-8405.378729251514,-720.2615162375633,-101.25724102442764
-646.9174500192147,-928.8214224229549,-8761.934765211943,-2655.4425240238124,-467.65772752140936,-2825.6009356694485,-18.153619341305838,-517.1620103896386
-1435.936677192207,-1899.7137224945095,-10543.23295360365,-3294.6119627842563,-1092.5587988669672,-2645.857650098332,-1.0904944170126747,-1180.5611459514864
-1064.4850497654268,-1968.7505983238636,-12557.261062275547,-3428.832650469066,-741.6817718499101,-2332.704111725747,-4.9823157413032995,-877.4380169236524
-98.88415883060365,-150.67058075910793,-13330.022425538782,-3845.9253917700134,-22.230353189713043,-6738.576845196061,-2348.436036050102,-82.83008179961561
-63.555410655286416,-669.6364891127616,-15256.374074187794,-4382.497755897585,-21.60289292283645,-5840.749108645024,-973.2983648732251,-117.06690220208132
-1593.2192189484683,-2038.2840045481619,-13552.351685421761,-4704.1720562834735,-1200.8693386528985,-3964.443044516336,-0.4336111149648977,-1293.846344495807
-99.2827229907009,-152.15151058564928,-9187.04785238113,-2106.8916600468547,-90.18572760201644,-3758.3095565069248,-1494.224055651043,-12.95825295946204
-264.1515598518617,-1111.7261393022495,-21138.655164760592,-7076.605007593436,-0.2690900448849309,-10564.000175015768,-2561.2365077609516,-154.68249465007608
-2017.1114218947237,-2810.9919302839376,-14484.659357261253,-5002.947218350692,-1544.6312103625885,-3927.6398792793843,-0.0809852720453174,-1749.8993100849177
-198.665945489849,-567.4029431519037,-10886.315991126065,-1834.9197787801893,-83.40827161965802,-2598.541510645333,-951.2982402231165,-6.218625644575465
-574.4146684890494,-1027.1379013127546,-4740.660356345867,-1014.9407642434705,-396.0452179712947,-442.87297946385763,-214.48260575665233,-507.4846370661308
-378.1405730007867,-954.6940076505902,-10380.709978669798,-2761.765131227643,-250.30943700090288,-3154.924153156699,-63.83487887028948,-315.64666584646346
-34.56887179946134,-430.39015491149246,-14465.048653024005,-3352.889148776862,-61.86013318999635,-5682.289484617916,-1841.4429352132847,-22.76776362362593
-60.09842589853123,-226.69950116169719,-13001.957644023658,-3548.3503048539237,-22.327094224466116,-6183.414043134001,-1985.009904523737,-81.19466617270727
-74.69841365779334,-518.0519248208243,-5379.410265050783,-794.3597174502377,-74.93460826624504,-2235.18048135025,-1598.1733100891706,-39.79421087097846
-586.9128132238574,-1124.5234016797572,-8681.721504031906,-2271.749187486901,-464.24880494467106,-2062.0530801980335,-20.162348338828835,-556.0957892089243
-1775.8061828508116,-2339.919217071524,-13582.944191723078,-4858.695514000641,-1434.5603889569757,-3917.9713711605455,-0.15239717582182788,-1601.9795791452293
-167.98992477229558,-829.0448934692765,-20613.4222324549,-6968.259209572741,-5.817558059248742,-9796.553815966256,-1970.3161012192684,-59.105683372133036
-16.793365349424406,-571.6460676626725,-15160.582805549495,-3863.279570302657,-68.03524852945905,-6309.075801255868,-1634.2115438347942,-106.77779155711815
-136.7984026070085,-340.3863894088421,-7441.717507078174,-1727.3477090350711,-67.49026494439686,-2604.1433193203043,-859.240857030137,-8.423507715151091
-100.40335311453494,-199.4250627545516,-8857.118384932637,-2688.3922254338418,-14.273050906293307,-4800.4818274127,-1693.8799356166949,-87.99272371582273
-170.83173073212424,-494.11541744522157,-7253.993482892056,-2031.8273596665176,-2.1822524289847087,-3440.376825061846,-1269.6794436646933,-106.82412102771939
-568.4164523106446,-994.2491844408269,-11213.212067071052,-3204.168787347608,-328.6878527668319,-3713.459322825289,-37.88964459001468,-384.36373925690935
-82.98980226993098,-255.0659245560757,-18545.014856785685,-6353.760498261091,-13.827707627496874,-10063.490971955574,-2849.995420938328,-66.44407931481022
-776.2721661054345,-1238.677253121665,-10530.821960823705,-2798.2684208642218,-483.16858920159063,-2718.9480018151635,-17.715783575742527,-518.7718678678359
-231.17434559766954,-878.5346806689552,-20380.688433696436,-6987.7941124826875,-1.4797339143161463,-9468.01017989856,-1780.3736187941647,-98.08121378511797
-31.655203261157723,-148.16489202126144,-10234.929696241676,-2581.910693142371,-159.68560735270333,-4696.341477733764,-1798.7789750776265,-59.03656869216432
-710.458366510086,-1188.8368504335626,-4200.15969853167,-31.98286930109679,-793.399415662165,-1737.1182079838386,-2046.0817011988254,-770.611730332939
-1345.7134946422013,-1908.4645577391743,-4523.887461429315,-1074.17877596588,-1163.3241543519407,-49.14639585566545,-958.4839077055581,-1271.8343696044874
-32.01732717609726,-169.7781201241801,-12138.491054078784,-3326.8008976896635,-63.28152753157256,-5872.816053260101,-1978.2567065207352,-52.695410480997104
-1164.7074839641325,-1789.1565818452254,-9584.51360476279,-2767.0943801596177,-871.2268045438027,-2068.4233151014773,-3.8622031446577187,-1007.5682022383571
-564.5262703134457,-1311.110654797594,-8643.378551518337,-2069.470698741735,-335.7460900527789,-1674.2359915109032,-42.803012408552675,-445.4907070451933
-145.32907717285346,-140.52452717638064,-7243.90909772039,-1807.9215882440885,-91.10062108614225,-2989.4251934409594,-1109.9895055040874,-14.09081245611948
-123.9550182406289,-768.4104822869516,-16145.948109297806,-4457.594660101988,-8.308341726470776,-5790.636156322394,-741.7397142271382,-80.91693621152424
-245.51555624633093,-789.7569306584546,-21376.418667310165,-7221.795178426579,-0.7815245946494538,-11079.348625325747,-3553.4964284263237,-119.54162880572017
-128.7582991566723,-256.5016761779193,-9155.628083771477,-2477.0452759581276,-8.944626175114292,-4175.038025928835,-1522.834631943254,-58.25287454954246
-1463.1018843762631,-2326.833260677954,-12973.738035880824,-3974.1393915984663,-1127.9609556003381,-2757.1027962356275,-0.7617948313018752,-1296.9318137609214
-221.18587717696218,-564.2412805102414,-13059.976673340318,-3338.997294518096,-60.49850399397219,-4428.402605033833,-318.7154281775206,-66.85570617055784
-914.7782157843033,-1466.1543450742142,-10352.835163066155,-2577.000554487237,-648.52025746445,-2052.4536445872845,-8.35422234786699,-718.5304931690349
-284.7576732603552,-1221.6204362017077,-14245.540466081913,-3608.425717159741,-60.20085010395681,-3780.9241095482757,-246.34561560955026,-151.49215543057736
-933.7545786905677,-1247.6953064907127,-2843.8670572392693,-654.1278174390678,-777.6145302613133,-147.48477676222765,-592.7784426649298,-848.6916162104504
-804.8011178215027,-1434.5329314828912,-13589.704557973466,-4205.122063791721,-570.9198610717809,-4113.17143269699,-9.801338430254887,-671.4551143661375
-90.18185448562588,-678.5676251264058,-13385.920842622249,-3164.0629826990976,-19.46111283239518,-4610.584504807848,-909.2341639590745,-34.255985868459355
-123.34676072102032,-264.02104096074925,-3822.113682693853,-946.4920477952297,-72.36026263454654,-1410.7791164122416,-474.73856364325604,-57.74991522009422
-1983.6573916848438,-2764.5516331846948,-8805.456315872047,-1775.0410437352823,-1676.5572346691479,-29.827491889493274,-1046.0179885777316,-1791.5478150162553
-144.10541373981152,-795.5910143663608,-14804.676720301906,-3840.5426310638522,-15.85043901240727,-4710.5446038142,-870.6904969578802,-36.328308557664265
-12.166237209597202,-252.60624172857223,-11103.85433853585,-3207.5460665879577,-124.6108173591031,-5602.480241215425,-1543.641325171061,-120.47719134397097
-1471.943194575857,-2331.2102824556396,-12186.518527200993,-3594.474629923805,-1077.3483949854267,-2102.4333953075165,-2.4226358483054495,-1239.3055476989427
-18.76817725656504,-401.40086430513134,-7856.098938007713,-1880.6912007916073,-130.32683523354493,-2881.0592923325858,-591.5783694130664,-98.92313838672199
-254.64861620813372,-465.28071998098045,-2067.661306878197,-652.7583040749125,-209.9458507772701,-673.0729722680076,-387.43546810052123,-219.85846479867433
-188.5754526669036,-659.8471805673676,-16958.821226053562,-4597.629564452319,-8.058036581480485,-6223.110388779032,-1214.6219757788606,-48.21022383456892
-132.2850246852835,-416.31894704814056,-10234.365743628938,-2456.589946712254,-35.36540936560505,-3798.606331918217,-1140.8410067021157,-13.69916443737877
-888.882384667426,-1755.791766313096,-11112.30012195033,-2765.0989070591363,-535.5064879477599,-1768.6820107103588,-33.53780468962426,-704.3573622120077
-611.388188880865,-1329.8875457327833,-11145.098619886721,-2597.1874600813876,-404.78273520991917,-2385.731756799953,-24.53809167505617,-478.67586880479814
-234.0770893939384,-990.9067962131645,-20280.898627363767,-6978.584181353265,-2.392284924925554,-9274.489508354505,-1542.6823020576203,-83.6817465028889
-153.9076969345343,-734.8235107371698,-14340.57345704694,-3959.51795841118,-15.5459622490183,-4804.756866222102,-582.0826985803324,-60.96234380009938
-57.681655006558415,-127.89220144679246,-7278.555802098213,-1703.2685727974422,-90.11236252321737,-2856.670065085924,-969.6274883315124,-33.23504970213919
-291.7193987404899,-1181.2073826371784,-16216.817498503417,-3863.8532443206614,-49.35270863970137,-4386.946694736908,-447.7070526928415,-34.58095017028072
-160.1975893824601,-758.0941983571072,-19042.15161456594,-6857.928417983168,-11.545414251558908,-8599.525022642796,-568.8437113934207,-104.32292960885732
-148.92323517640844,-275.10532042577745,-1964.7407368277788,-671.5777744973288,-123.40278187534902,-1270.837976624725,-603.4037443199642,-132.29321766747805
-635.3602648904354,-1647.0637344856395,-14462.829430669497,-4064.5769424482346,-542.2811051138215,-3971.8340274502966,-17.789586918731555,-644.8891550979915
-159.95082295497718,-803.9341826014877,-16454.885539007795,-4260.069520541194,-21.122681341179455,-5674.28530189789,-1331.6438579997625,-23.548504307815314
-10.946206424959719,-444.854754695359,-12213.781616909206,-2720.032484053976,-100.71237265119768,-4330.994923042981,-1187.1899618533341,-49.1740781699298
-234.8104233536819,-274.3531097132587,-5668.279474832982,-1014.509756808889,-154.368652874457,-1506.3890879154349,-692.1526287912836,-30.072153899193545
-234.17516713313796,-848.6200155354841,-11412.887390879092,-2569.9051665628112,-51.78627594713884,-3047.4153140325766,-278.76263794362006,-111.18070240620469
-50.13763940574347,-240.30686194957534,-12981.199691686164,-4066.4556231772117,-28.938752651634886,-6641.705879224851,-1218.9895811769625,-81.37648124097494
-317.10365902746213,-1366.4062217878159,-17568.21708980748,-4715.471970575718,-1.6167666473064364,-6024.720262853379,-967.1553189548356,-131.88553152605581
-1308.1593051792818,-1944.5352573671153,-10791.578247589634,-2999.1124158272482,-942.4763146810191,-2257.1036370163674,-2.314254357874389,-1068.5589185549202
-377.56943576342445,-718.7768648497494,-3538.5321676046,-661.0722753163004,-275.50359750526263,-427.03298129021965,-393.99162026918697,-351.06561109500376
-63.21190498965491,-387.6528017648032,-18649.104680328124,-5248.315853399246,-60.862789478051226,-8796.816301296934,-2784.3244457723276,-14.575518777366428
-932.5939340980354,-1242.1242552087838,-10044.748233823808,-3275.7355651891353,-703.5516153648284,-3408.7984907334007,-4.950851777481114,-779.1505633642582
-364.00693189046086,-1313.8764195918925,-12752.028234676356,-3138.166289363585,-122.21236262465406,-2800.4237703315553,-141.97990476214193,-208.56080096278876
-248.19952199355888,-795.3283767797241,-8792.9700616863,-2248.301665635501,-249.50040768137666,-2667.956196332935,-97.71869709055352,-292.70069638201346
-2128.9799046750627,-2957.6494587599636,-9187.054704534372,-2281.0592157612714,-1683.623802409576,-161.48879523876715,-450.22090239187486,-1937.7299167267813
-224.41499097313556,-478.8358476767145,-5923.174951380589,-1138.052903197257,-109.7722682610001,-1261.8874955515378,-448.61339101588675,-51.88485400288838
-246.58599630160913,-27.21768345969454,-5571.818288649478,-1676.5115421427029,-123.05671489645259,-3063.1138853127713,-1426.5184107513246,-109.96104073278154
-1552.9571535128719,-2336.3687029780185,-12062.187438033261,-3689.3125008172215,-1176.5659498653229,-2138.3237215748622,-2.027979441025714,-1327.4110394572424
-161.95681940502283,-882.1634101920998,-14635.16363222337,-3974.1412334549277,-3.8811385531363833,-4938.900926078954,-906.8326025697048,-92.4866193458732
-2882.886333983949,-3380.132298103378,-3701.802685134135,-1251.3476649929692,-2683.7980794746472,-8.086907487222552,-2490.452153436949,-2831.354760205588
-1.684147297396935,-487.85121886350316,-10998.663135476241,-2766.146760703704,-194.76922319569354,-4909.419165509886,-1753.6889999796642,-152.43797511448975
-161.62728063711148,-231.5054083149342,-11087.66124615587,-3345.5839991820094,-6.463167561768931,-5809.833134708813,-2009.5717471577057,-101.77488851612026
-3913.1580728488702,-4909.07561419731,-10722.265885945139,-3601.40882183117,-3304.840826459548,-3.62672335455816,-1911.0701766742084,-3688.213964647521
-214.45844282448076,-1120.4446592108968,-15370.683572930477,-3979.821537330224,-21.254906178580214,-4653.422559892685,-450.5745745697918,-115.868786605674
-2003.3508439690195,-2490.127304245333,-1872.1809581510936,-206.4104580226285,-1862.2451534777235,-292.4380140200855,-2220.597652720458,-2011.8165367180034
-207.8261192022889,-148.20466451558707,-2306.7712217123126,-1042.425012774158,-151.71211773373614,-1519.1012248188338,-461.2416161396385,-169.19073551786826
-1895.6084179996762,-2289.3332372403033,-3716.6708090854104,-1062.3648676466144,-1732.9263641563398,-18.32561353992353,-1496.1872528579286,-1795.7133087696875
-200.41899677719093,-429.2342630982009,-2713.4230487311224,-394.84277946622,-198.25716680365252,-713.84323703467,-626.2981355868003,-184.9127677774403
-53.34337016775295,-397.23913489834024,-8091.517045716568,-1804.096279721987,-40.319965684819664,-2817.439013712453,-918.531999208245,-24.599489795484168
-301.21754584897093,-612.1384952669804,-6044.7865983543525,-1362.0334577510928,-192.86535992737012,-1267.886751967225,-114.51977617726214,-218.4834371738653
-153.1421892073247,-378.4144110110641,-5932.115498221934,-1656.737583867635,-103.00106913283057,-2101.980124515968,-262.4291343693081,-75.18546280495201
-2431.4049014965926,-3301.1418245114296,-9078.62053569279,-2338.254137050649,-2004.325484652355,-69.17754619596481,-753.3139346472308,-2256.5201820855
-1678.9797307146548,-2307.393470690739,-2351.766806447771,-81.96561426456013,-1629.5752889273988,-573.7718926947216,-2325.998445142214,-1709.1338029896858
-76.97760340701477,-207.86058836883348,-3542.4192533746887,-1214.4628882394722,-41.96279405096467,-2355.6255150715065,-1028.8157459599622,-70.12563178701392
-96.17072231213066,-506.2993233711151,-11668.381960285891,-2991.3531172542616,-8.19613784376455,-5060.037109015512,-1761.6606024486373,-68.78501335896283
-2514.7740949297204,-3191.553310007972,-6410.8336731007275,-1669.2617599695416,-2216.311422197549,-6.677427714013224,-1719.783444677032,-2288.449405178237
-2191.894036968094,-2693.362717565142,-3373.745637317117,-599.2396564069866,-1983.9665571624082,-58.24168711747641,-2011.1739028992936,-2145.803336043208
-616.3493192089959,-1265.5360101364972,-3189.764710757604,-411.47955886262775,-385.3873071736973,-495.51133182860684,-1101.8123223192244,-546.8951585661398
-24.67938889224953,-559.0086951206728,-12577.080788372281,-3046.8822457684396,-45.14820365216718,-4698.733561779724,-971.0470425705184,-72.7266784577984
-10.656444085238606,-363.53159765800405,-7786.234519981201,-1770.522236476042,-116.23953792526905,-3165.336193180895,-1191.3328450267456,-56.94157979594097
-48.095266933247444,-694.3381271875197,-18251.529314580792,-5793.049902908006,-24.326349992133174,-8041.009669742829,-1650.1583516407475,-97.01804301992398
-141.41385339509117,-97.46930463605655,-6854.754938441453,-2243.172960178894,-39.60323726673918,-3448.3488878587136,-828.9167460547579,-68.15965723676082
-1566.319092398806,-2432.7514325748402,-7990.898223679799,-2062.8834732034306,-1181.2038943214477,-424.2711405711893,-165.12531307323883,-1436.8461476296623
-827.304015609343,-1745.140082558735,-16261.558266739092,-4760.842207597115,-523.0857703922479,-5049.747259860319,-12.879619837862778,-633.8679998546847
-130.46948168389167,-512.5813001874556,-9104.415947632264,-2094.3721845957252,-37.27927297297365,-2979.3339428543413,-695.2455004272446,-19.231038518144352
-2460.566182054144,-3471.970694093436,-15784.195960415624,-5156.095682963345,-1906.902771843434,-3536.7395698873434,-0.05481157869656499,-2178.3681692438117
-21.949784692023677,-188.52433602351203,-6475.303558962968,-1411.5895436686892,-116.44144504570497,-2763.134046541784,-1115.6900533575397,-68.42480227160313
-350.895468781515,-788.8875215025042,-14164.932206884618,-4400.416558985218,-144.1197093156383,-5136.365315299529,-122.84411524021729,-199.8857006959417
-279.32381020625365,-483.5248143363656,-1993.8128126563631,-530.5335718949996,-228.40247272260146,-602.8618641037192,-411.2750488168465,-248.3091461259254
-218.9360202380473,-225.67884730699,-8950.999401685462,-3005.656759869367,-6.597386185681792,-5323.63679315171,-2088.981051904362,-122.48037953157791
-88.60125953180463,-277.60190000771826,-7904.757602105339,-2065.285525251091,-11.296125391141022,-3683.696642276942,-1456.7865435771864,-58.20969803606266
-236.82697492739862,-854.4723898503868,-19398.377614881298,-6473.00894067023,-1.7331175470154851,-8514.232086517863,-1373.3389625373902,-94.87520918133691
-148.7698972158846,-685.6517270917017,-11155.82147235863,-2397.7323886051354,-17.447598635392207,-3350.9544535215405,-887.5326015755066,-32.14533502347411
-1098.2343044467098,-1412.4701916171416,-7791.289535184265,-2780.461580488114,-903.195089803403,-2466.3751180844456,-2.4268226624553555,-1016.4506273817718
-101.93997776433157,-142.50560013090524,-6218.517975507053,-1938.713250718963,-46.45387944218795,-3150.2446039061924,-953.5255621236807,-25.34895527972251
-131.8685722478121,-148.7454298798012,-6530.558422391,-1403.3950760736602,-50.071999565475366,-2511.8875462847773,-1212.5614749051797,-23.633785125908105
-154.43736083831234,-786.3908026270998,-15337.528708260317,-4417.924365201495,-44.8760115804595,-5501.556657465535,-312.4773033424035,-117.61677863838365
-23.888575147790235,-408.15434987136587,-10114.639232822625,-2596.9400304020282,-44.5157729760256,-4686.699610965966,-1678.3836613460323,-77.13345155686643
-22.286032640586324,-452.00748145319454,-9531.26189554257,-2446.962830036162,-55.19923167521424,-3841.1553866527374,-810.1768580535396,-77.18307374074665
-1213.8280559807847,-1913.402993257561,-11851.833381222432,-3306.9759803164375,-904.115049007549,-1900.1829182168592,-5.013570549114172,-989.3041620225779
-543.0178859896009,-1084.3845693824978,-4731.323804813956,-1084.6937479330643,-350.04822600095827,-488.86420067484414,-221.6168847759185,-452.1736576869337
-553.0954717704828,-842.3120446828309,-1442.026312078853,-538.7335576024312,-465.92791511519033,-326.7664417591047,-572.9752790007176,-539.5623902518496
-153.35993428508888,-368.9840295340834,-14095.91290050714,-3815.418682526443,-5.886429829402554,-5902.656926407144,-1241.9675053455956,-61.00712243304833
-94.74666861373099,-447.97055382886407,-18196.328566997483,-6878.050492812887,-6.71386182032073,-9262.551798273367,-1638.6400818434342,-91.68524940744052
-792.9786808690951,-1127.5682271657545,-7960.818072636845,-2554.4382865094854,-602.3678442764635,-2496.5406613632194,-9.144734417493954,-666.8155555344716
-85.06397858318623,-93.7276855769486,-3633.068168709194,-956.6588114101519,-124.77055330054712,-2147.136885779274,-920.4955356757672,-99.15088094663761
-3.6479038122307097,-403.4275772880637,-7692.825455119591,-1711.6689150577113,-214.80117846755581,-3800.828958405621,-1695.603423203738,-165.78178797319714
-1887.7011440784718,-2433.0007559371943,-305.5047377728943,-729.8466014794233,-1823.0131289696883,-1716.6653634505353,-2700.70231531295,-1949.0907264616178
-1033.5757429818916,-1454.0016460614006,-13099.134323486176,-4226.960716889107,-705.1565846402767,-4031.0672285913797,-6.165701682212832,-734.0804650891622
-191.0454115996658,-507.5071576732406,-12218.808311199287,-3114.649803182556,-18.050310450967814,-4429.692422681604,-547.2463290901992,-62.21449241832635
-139.16522608237796,-265.465256834787,-11173.936956588263,-3554.6575658223196,-25.73698035866156,-5246.878854305403,-533.735615129172,-60.514436287557025
-867.4974652824692,-1277.9656860964215,-5302.6594934789055,-1214.1539475449658,-728.7099370508417,-356.6452848190568,-214.424725089571,-827.5560113774353
-377.0312896344154,-856.1734323497398,-8321.974883199982,-1978.5913735359602,-215.5053454747343,-2069.783038547922,-82.57360859820157,-238.92520694182681
-125.62472149708816,-671.5866297672525,-13654.001880138658,-3312.647460639624,-9.309974232694676,-5016.871363802341,-1308.72302212085,-47.009927795893766
-70.63441321581325,-391.46225631847784,-9596.861269204817,-2164.5673938441532,-42.079411447568745,-3506.385013034498,-1200.304826215103,-15.368180620445983
-1065.6280930598205,-1674.9537781701977,-15311.013302324285,-4819.967551399737,-721.0596592142856,-4853.476016603436,-4.467960091359171,-798.7456193703787
-782.2982459173872,-1164.1610253291663,-7584.488746764483,-1987.6508826616782,-577.7539408652856,-1488.0695314898778,-19.706661136197305,-622.8806724074987
-141.57951968654106,-422.3953181171756,-7708.975859417812,-1972.2821499410202,-5.624557929434025,-3453.9043351931696,-1341.1129319179438,-64.62751336974307
-635.5356567111459,-1000.6136195393482,-7179.666697827351,-1771.7779664814445,-449.00265149295797,-1463.982257203954,-29.89050012887008,-480.4296049315251
-159.7351576673866,-711.9007183395559,-10199.519245184036,-2276.9265003381297,-22.073803909056558,-2886.2047586093486,-522.203326831496,-55.30780474641006
-57.090153291357794,-456.2709685183792,-5168.875628657663,-762.9511744427897,-123.77326387951543,-1305.7298721356613,-714.0791523971194,-71.97333308907268
-369.0799141783478,-692.7508242738935,-9491.15427826913,-2918.212966301903,-200.22722580430616,-3669.1833486664727,-82.86572895428446,-257.14097633858773
-166.82515595204134,-362.64841728996873,-13011.168824280527,-3553.2201365614187,-3.706857426283791,-6104.54438745468,-2234.2563228958925,-78.91990439496595
-210.16036667034513,-82.06888700242693,-2980.1285131130912,-1268.4681600599017,-111.56026402708855,-2463.379841431897,-1239.233156190127,-113.73582716159225
-930.9001897212614,-1113.9029142213546,-1454.572625288589,-299.6340069992053,-836.883226129363,-260.88861677231785,-1127.0228745463583,-870.3615427339615
-185.33576073946787,-476.87822856009427,-4243.816373513136,-958.5707939708194,-56.79564898853881,-1208.467642503401,-389.2030932086394,-120.6603583760775
-205.62074909678304,-749.1738091271154,-7115.06344802558,-1572.9166586269916,-153.24552076865535,-1602.8308337551473,-140.10812028159182,-208.49191013195528
-71.94848393676271,-342.92182019569304,-17407.894715419145,-6348.100501714039,-14.902865028815036,-9551.51098761706,-2085.3692575710315,-103.43973108296724
-152.24874550608155,-621.6771692194843,-13301.259811170477,-3279.865455824852,-9.384145511734472,-4683.338827356535,-858.9835056344781,-51.365187472969524
-74.19315061652173,-226.0465397463657,-4823.786027393128,-1330.1172698277433,-27.18101528554822,-2634.1077530805082,-1050.9386857998852,-46.013635511936045
-126.19257732578996,-530.601324169644,-8234.798567733049,-1969.183185862789,-18.950106823073494,-2712.138347220167,-550.9506397427133,-58.743860917399175
-1755.8674895782692,-2598.725710275665,-11445.990990409286,-3681.8023627790235,-1379.655375365934,-1861.0988455896347,-3.5508813346030133,-1607.2120144294713
-241.8240010817228,-859.8135486734514,-8828.751052511367,-2118.474139232391,-1.2422004618340525,-3163.1845652878415,-1152.3636262201137,-155.1783606632339
-167.07906931282997,-877.306554089277,-17359.245826884646,-4557.195725010362,-5.68425467832744,-6217.411683404755,-1424.9546191508598,-59.4042487787061
-63.98719161464606,-729.4701775805945,-19103.37263690123,-6835.8628143986825,-18.49750642612088,-8800.628208072614,-831.4014946836894,-106.8462914972303
-119.94833499368605,-422.48056594293206,-3209.7845073363555,-799.4408657593691,-42.87313073043713,-2311.9689553298977,-1590.7927739337078,-89.78611617971701
-11.896279828877766,-248.96300994264308,-7715.57024094818,-1828.4446959589307,-110.27698731081371,-3791.2421379029806,-1571.3597699780435,-70.35381542562506
-27.824171289553647,-659.9285595384133,-19903.176650213074,-6916.957918743994,-76.17121310830142,-9662.773008062399,-1894.8153658358824,-156.75607807375442
-216.5460668142997,-818.9002512258272,-16162.928166239466,-3993.985035450498,-40.8925829370859,-4916.879626852239,-825.40581421212,-13.281617128774963
-116.03500297397733,-88.76744257159912,-4471.864905719078,-1366.5484595671414,-76.74815321241083,-2239.768779849181,-1001.116195007545,-46.138756099062626
-83.56363717854323,-98.91653446248678,-6545.583894916187,-1402.0282141537448,-80.70827946918504,-2796.8004536588855,-1308.2270374437533,-37.559114092135275
-79.92659040194022,-355.8999282745965,-9115.95373679872,-2426.1194515525235,-11.2500761511997,-3995.1341815328283,-1239.5106563411528,-57.597500621281384
-494.83826519853136,-847.9137497944533,-10585.23749733028,-2945.847400811512,-288.8935361612791,-3400.2162668376704,-47.9208122862149,-345.81383654015195
-137.26135956967298,-581.9896126435857,-6093.901453654456,-1280.5116183651392,-35.98028102687336,-1598.4104289194593,-464.20895246100235,-142.16607758038194
-76.18816555230438,-181.1226282213826,-10918.975829443994,-2977.030799012834,-24.718420995594204,-5744.2365004875155,-2559.882961490884,-47.34364990666101
-80.69517807293902,-93.34116706070952,-6990.516087615882,-2000.4411680127316,-55.44213456090531,-3774.5383028565425,-1680.8474630838882,-49.72103406049251
-171.5314380492045,-390.03184536494985,-18396.898300678233,-6787.067529736979,-1.826895057967007,-9753.354790814932,-2459.4151478352633,-127.32305888261949
-235.7545742585117,-850.4520914990746,-20379.094150831912,-6993.4566310376595,-1.3726473303039575,-9509.44201436612,-1858.4517810580594,-100.47578203196011
-63.038825127795825,-310.9682883400441,-7479.929966152453,-1650.4290339659176,-65.55079605755728,-2617.9010017370224,-846.1922183333965,-13.915368787994488
-115.02394599179176,-526.8835580217302,-8499.396167089557,-1896.2013687266635,-23.745872562995615,-2722.4165468076226,-693.0836822766822,-32.84386975422519
-239.0447119358349,-879.7388053440226,-16486.867575231896,-4374.822528598094,-32.25464588069189,-5314.420178956565,-378.6795885053701,-96.33464768796462
