x1,x2,x3,x4,x5,x6
-501.95224817214785,-495.5707434507636,-259.72371049738484,-260.7870103589374,-433.946492347498,-5.745799586691798
-77.5738861600908,-121.39222785909847,-862.3352817727862,-480.89559392900975,-1.9521370569719,-740.2559422206568
-97.5854838096954,-154.3812580120951,-938.1038729403315,-519.1227108792427,-1.0036149478295042,-733.8800100768775
-27.59683584266057,-59.88992427435352,-2194.028273561818,-1346.759346535443,-19.56798851298089,-2288.574910149841
-16.772009310180852,-167.9985647198179,-763.7800876612783,-142.00376905635707,-89.79616354241898,-598.204979065217
-51.09704808063359,-87.11434683750622,-907.9460960182872,-498.2880067333542,-4.5710568772785765,-835.1261147888523
-100.49358075259882,-76.93106291020938,-534.9782076692055,-320.1711457651532,-5.746982122581171,-460.4013387757198
-43.81961393179748,-33.818761227431544,-371.38309521700063,-206.64709378896254,-54.74198228372004,-315.60406206817777
-230.44224675205348,-247.08922698403458,-305.9944069415659,-217.9961350448664,-106.01796158428549,-67.68169677915319
-640.7842541071138,-661.4678255978433,-341.7229609809012,-386.7247790341652,-459.157092784286,-3.502680704262206
-187.84110353843298,-209.50966085184405,-267.4462765792885,-189.086810525607,-100.22302965601973,-73.3560122255585
-10.67916222637695,-70.04893254821444,-704.4690052078596,-319.35196188542403,-49.25891302275322,-736.2395686453027
-291.07673209280875,-283.8762888176404,-240.71998511878937,-212.42991166056785,-167.40334154440285,-37.23474852604436
-197.1461096120725,-221.1358320008406,-678.2070615464349,-435.6055599963299,-2.6578600557453815,-481.8921444723478
-185.4170953169993,-188.81849780828702,-555.7956478618715,-354.68815304272596,-9.240665348648205,-327.58616348588976
-11.543725965716863,-80.89282565282161,-613.9013235204617,-258.07956820952046,-39.294559661206996,-497.35741641047537
-110.84856834716021,-59.76452288186561,-284.0866282757887,-201.65443971170785,-27.896964811813046,-272.41169764002643
-17.309776797046403,-92.68041842961638,-939.5362610938473,-440.4781769656954,-19.340591633661603,-834.8130167067258
-446.9520885916703,-457.33761915764165,-218.7638340113982,-234.65858844322352,-371.3280599175763,-8.329107580101502
-214.77858964038091,-174.4214562997973,-165.77784800516744,-171.07122818412157,-148.89826167083618,-55.672260208688954
-369.52262298705546,-381.6953073281205,-248.26976002614282,-243.29327663828704,-250.79313976690295,-17.99722949285926
-162.94848205510198,-180.20482152317942,-209.62754683522763,-161.6640210150744,-90.75397293333081,-84.07990663822197
-278.57633701595466,-308.2565948019423,-304.68364194278547,-209.53130028345507,-175.6202902458282,-34.83952251971455
-404.2491465779335,-412.5215019970417,-232.6101194043689,-244.60350436392977,-332.6222269399772,-10.00870507892774
-511.39318860389426,-544.2747604523662,-261.04585243645136,-269.0561234326671,-427.3987298379144,-5.166132956127025
-796.3953941617622,-737.2509355101738,-201.86461834517544,-387.6223240994169,-638.3527882793617,-4.466463442903503
-20.99799098403565,-53.439031053015086,-848.1509096410012,-448.9007928485937,-22.294322587235307,-817.2871013781595
-33.97730775365099,-95.34789378083485,-1005.5739133080294,-527.0163828791844,-8.586480089826885,-901.438906488231
-43.066697367192376,-31.411698006770955,-622.2624125743051,-359.29500109975254,-20.953320301821034,-642.6784993826772
-778.933959756488,-733.8612316702914,-242.21975657390422,-392.9620787497504,-632.770786387129,-2.3308746788773815
-620.9693121187269,-641.594374421682,-322.08406365785265,-369.34746230030544,-465.8274918610246,-3.0944585066742376
-73.00965886531844,-78.1019913141957,-480.9034511572808,-234.87902670835408,-11.977100786782295,-337.40503555252417
-10.105341149052535,-80.52955470446435,-768.3814419594019,-381.095261571016,-34.59437140253977,-672.0461491244525
-53.65437125770796,-95.23852300420701,-1436.1990468425154,-805.9945348987516,-3.934274286153641,-1410.6916490510353
-391.3705490846822,-393.2350753215419,-128.76804609130207,-133.21564839433876,-277.7822444454697,-35.19840477006074
-263.43593766943656,-280.30856113786274,-407.98332525808627,-285.99098841109145,-75.23974007075297,-97.70541184727999
-168.591380245159,-203.83865546743667,-798.5433098138817,-492.8227472652625,-0.9668232946969788,-619.6360072164305
-72.06331367849191,-83.30600359431433,-312.7342168665094,-179.90321263169133,-18.721025381478306,-305.6115914241088
-665.2059641698787,-683.8743027458708,-320.3679033986042,-385.30074001643237,-503.4847857004134,-2.3787490333587398
-188.20481264370008,-209.88895772353584,-343.4625921150403,-220.92033970511204,-61.79218944716442,-114.61309572634335
-133.39014369250077,-162.76561835674022,-1600.4488169612973,-965.5220129958184,-0.21325306178984796,-1554.2236336438702
-19.676327567650407,-117.98682083687763,-957.7260748819189,-385.3194757443369,-19.160930712715157,-835.2041717404159
-404.29190222982993,-419.64862020582285,-268.97892061775826,-252.37876041746813,-264.83430867050294,-15.885008000056821
-279.56329076253814,-255.79727268974491,-118.62476156555078,-165.3892678789323,-166.72530968351077,-50.2288702413146
-381.9970803619371,-360.3374863112231,-223.5606832635153,-241.7851759468278,-318.42994083372076,-12.779602812481833
-15.492127368392078,-53.32815736837773,-1037.833251787341,-540.2812114139293,-30.05924963443558,-1011.9319513652414
-61.25108864714626,-82.74937049049406,-523.8100454051088,-266.224119526818,-8.223471047946694,-411.77405074608714
-479.25895693750937,-453.22939763448534,-187.87844093046044,-277.12141321726483,-304.51217098266653,-14.637823822269722
-115.74740808605375,-113.34713002054905,-667.6706799715744,-398.4309952693404,-2.0050398230743176,-564.0784990160075
-11.239798143801416,-55.08493143460822,-779.511174090683,-382.0334983261899,-61.89753392132954,-753.494937737724
-339.1677491037976,-400.97153189615574,-257.21799916160995,-28.58474376057736,-346.36952744411155,-121.284981280388
-21.742846089757506,-55.73059511676844,-485.5350711954019,-235.45360591106592,-33.397631205574775,-415.5866345976343
-360.7863035702999,-391.85595739700346,-239.86602656476316,-199.66027646361937,-304.9639917293984,-13.578528766064657
-612.8752739749705,-606.3247370588648,-214.61645768139192,-223.4769533420002,-544.6428509198673,-9.922788054821165
-178.15612068840494,-190.87200338909147,-242.71951015177302,-162.7339418063445,-132.11142598945324,-56.56950474916962
-67.21828704872947,-124.93992521251519,-304.34238564679214,-117.91183619197331,-58.08676961731333,-163.5840798100352
-218.55347105115865,-248.1246707485339,-190.84885795821475,-109.9168507393805,-191.41147461067698,-43.39046791978623
-75.09048490120817,-88.54559690080879,-304.60721562519285,-180.89012114936833,-34.38789688664252,-199.44746002424156
-151.0381128306969,-166.14789142765122,-275.29295821383676,-154.04968629036466,-60.32240781343675,-122.10226642177287
-619.3758211508614,-613.9762430557596,-259.08198859554614,-319.6012369688527,-503.4690251890232,-3.076385255874725
-56.10284543235849,-79.74311168256845,-1345.31964596473,-773.3312707620572,-4.663993853386663,-1345.2032366002743
-243.57617773388262,-257.7579599464735,-205.40014150851138,-133.63406989901551,-206.71427139151353,-34.01104861315223
-1.4400555108388664,-155.55450444638512,-1220.5009612344768,-542.1757437294723,-77.59021147173897,-1056.7066100148124
-29.45564171276374,-98.78481168744862,-668.0497503351174,-312.3064495552765,-12.379532618134615,-535.6027599725396
-75.75111302748391,-83.05593941455321,-410.8782467949808,-252.91883299032193,-12.236760974969778,-336.01735905439045
-495.94750471086485,-530.3094726528166,-247.46046111583877,-251.65678529973434,-403.95382865704056,-6.4026211479137
-337.7124326829447,-275.04502114025706,-106.45833789112275,-109.29073195853181,-295.0433352506653,-63.9366813293762
-66.60372561205158,-69.29152441773029,-461.6225245701642,-224.99904659401912,-15.857159397427937,-310.697097212564
-444.7536106969522,-478.7631236506587,-170.75260343126922,-173.11014427239922,-383.07137973801537,-14.27463732041037
-40.874597815100955,-98.71053606851227,-841.8754255055094,-440.9063959203639,-6.6859382508493015,-696.5293956335635
-141.24897036208338,-151.23133648652242,-357.736221904833,-221.7184672217371,-33.23143425119654,-179.6743280658807
-81.66199282098583,-106.45182829978673,-347.6118396978063,-175.49460326188634,-29.218475640769444,-209.23151774382708
-91.62224363405142,-42.05410856793074,-257.48652397379675,-192.05262830804426,-41.14843323223046,-274.3386298998878
-659.4130805058259,-674.58589367054,-187.59829709487755,-195.3121900094211,-569.1230394998553,-17.277998386505406
-245.4148471433102,-258.53054516489595,-234.66975606332352,-185.2561235060273,-151.3901760385511,-44.88346994669445
-323.34031868845096,-320.29808039697264,-209.04866906856066,-193.1934149380264,-221.1690689490821,-24.333175207561883
-25.640442217209852,-124.14583844520372,-914.2392278871268,-461.0466782172839,-13.036320223492952,-704.8746062688933
-260.6596458951326,-287.6849532362703,-470.4190954311906,-312.65672358522846,-55.608703711273726,-126.6222773298983
-94.05896130424586,-108.22186791621358,-1608.3555125987239,-960.764581185265,-1.519507929744844,-1635.0669378655612
-100.051041255643,-121.25156662085179,-684.6850682686181,-308.1741349475071,-2.9866397560120883,-536.3501093140325
-312.1641542909116,-327.350356602593,-259.4881935463455,-229.6894218356251,-215.39110368768723,-24.087495803267316
-94.98232872173072,-118.21095785346789,-380.30898376212934,-193.41945455574614,-24.612819331592178,-218.88917835424232
-456.89135844095483,-470.37105551161864,-133.279338231071,-74.40860435910393,-404.70479143288526,-64.60113951299138
-12.268014918712565,-57.3865553426909,-1233.2019365158374,-647.8509251818555,-57.55877098032113,-1265.2422033928385
-134.52659665442005,-131.1117808954746,-651.7558481166741,-362.0435140570758,-2.4315452596318927,-507.70469161825963
-234.7746396662866,-251.41874896068202,-238.34121017703404,-208.11474725519383,-161.2410974728923,-41.194137061789085
-32.38339085719933,-65.5790947280946,-1144.4195128850058,-621.501847011365,-10.979898812205754,-1110.8268148166383
-155.17949593362363,-200.3486294972981,-219.36146098008152,-118.85393600072187,-100.44159976435822,-83.69439382686207
-36.97509805972276,-110.01000753281622,-1177.1982010848876,-616.020157242057,-7.57920941142876,-1065.2910436676227
-96.29655148692169,-134.13590056692013,-292.64662208937045,-120.94210524484895,-73.82744285576825,-119.62415645685488
-157.15927918724546,-162.8744989713843,-563.4993294747919,-366.04342138703913,-3.7077601684415447,-445.24571834518713
-294.0397292296404,-321.08229584291286,-123.30786999394901,-47.865880630684146,-290.6462541491497,-94.31918454443998
-9.569135620291515,-178.537514232109,-804.9616377977254,-184.955720426592,-134.8925954154075,-664.973311723166
-79.75602213899431,-106.07275259125882,-557.6470126261362,-308.89441345839856,-5.181389961459709,-446.4172157319471
-329.34124488499714,-321.1810122156886,-227.03553028977967,-213.938565754051,-220.7730219580123,-23.42350591311762
-52.92765122859735,-95.98017688073914,-554.3665229728749,-289.3551443036466,-9.175508568318566,-419.08512199269995
-148.74798805712769,-150.29746177731073,-155.9433089647676,-91.11576142068819,-113.92760499697036,-88.60501053845384
-778.8179422405929,-789.9945346558969,-323.66235483246646,-358.5604345320976,-657.5242818590372,-1.4594655655519366
-68.05354634466916,-94.23515342093155,-1515.5471019128402,-877.7287811127997,-2.8421709306430336,-1528.8261206542907
-66.85566188896493,-95.15648455383287,-351.7143793374737,-179.69735761718678,-46.786154971999856,-177.32985112551654
-59.99779686179117,-75.26183077520338,-354.8777905603252,-162.989690408973,-26.044933467074987,-254.6228728110464
-9.182789799814843,-118.70098336448997,-991.8327419361556,-468.3365469246537,-31.42598722649891,-829.7182839749454
-8.118956660847157,-119.91309927934849,-1155.8772464295328,-526.5240415033212,-34.22085717878522,-1026.0491128791377
-150.85462971064538,-201.63063699652886,-253.5947684947942,-125.4674123637398,-98.67583453255494,-83.58326865638494
-130.32518287818894,-169.14238050862687,-560.2379287514891,-325.5139756403246,-7.261311317527399,-363.31250270604914
-4.753602368217228,-107.80930184461312,-1133.5577399858726,-496.85773795178085,-51.262156654537975,-1053.8486003013309
-52.707776180296996,-94.4771143880426,-503.49050118235164,-273.60391932159376,-8.770383218438981,-430.83609545153536
-153.06280092299986,-194.57937350584595,-927.9940935091951,-549.702287691939,-0.41716169989243435,-764.0855271003094
-25.564138898750947,-86.05968365036134,-1138.095523400377,-620.9668392692091,-14.526230672310426,-1077.2472994904622
-85.74278506336827,-129.83437856592766,-1584.3004985423472,-904.5790708200151,-1.0606019375903397,-1558.792939409264
-262.7558964395644,-251.7401420130622,-140.9514237112533,-163.03653902203195,-208.20336232954804,-33.92047549457378
-274.5645216796453,-294.81170634560704,-238.4221564193174,-102.80927367161557,-224.3978693289784,-39.64556975718749
-41.65485137300008,-71.50435806095349,-1037.709645221344,-596.7030692219593,-7.608722614661859,-1030.8930081003232
-69.98685908982685,-80.65969708056417,-683.2775514762603,-374.1674924583929,-3.9697307476178993,-590.3090974575487
-69.6669369008686,-45.60209517566953,-382.70144386040346,-243.27333507786994,-18.97298918599025,-352.328369781211
-72.8837436602441,-87.66374960080651,-281.7606676363974,-136.00910692718548,-46.944174020691065,-174.62005184425234
-286.4071788416951,-297.21323892190446,-302.9978541107665,-246.7101140863762,-102.65842529776587,-71.49567764705286
-346.127544247298,-306.81359863251816,-114.30145971124223,-128.46564162788079,-289.6281960734057,-36.35664262920761
-498.9810718753706,-518.5654233960095,-233.36808687613842,-253.1094616297603,-402.1725540171329,-6.521082997675925
-616.8980925177761,-628.1231210645649,-133.87441296225336,-126.92212201803616,-552.3271515139618,-49.86991093771359
-98.50743139557316,-120.58872125482996,-294.39458792924415,-128.2437082498482,-55.697154434214305,-141.55187068948413
-63.4007256923006,-77.01658117778355,-1159.3036109206155,-683.5278582801737,-4.179860453667096,-1164.860992108874
-34.544076595690726,-95.67138821440021,-399.38462203852373,-110.31615033213271,-82.19403834749163,-430.71470546140006
-432.1592839490631,-440.9327452470367,-155.80315586518648,-137.0547800807341,-354.7442233489578,-23.161840085015562
-43.84136992548165,-81.29562840081142,-528.1413096561395,-201.87332689962605,-16.196666925220853,-377.563120180569
-56.11267636143735,-57.35507038160127,-453.29188083903585,-237.18884062711962,-14.665442928043477,-362.8942618737539
-211.73936493778626,-185.52415715078723,-132.96841819107343,-112.99895566425207,-161.51637600808135,-59.08261638618964
-61.49945462207741,-79.88418307863414,-253.04816625460387,-122.07889111033629,-36.861508827598826,-256.86590031824727
-170.15254878159826,-165.0798907519138,-201.9151661137525,-132.26044323279234,-125.2162308496032,-64.59036968477095
-624.9066292800989,-587.5715011079614,-217.548922045565,-317.6642569437526,-506.25235412836616,-4.144037142773205
-265.2941099760264,-262.14748075600295,-227.97998295692378,-205.70893085262682,-183.12713156449104,-33.13702306359295
-59.36326635232422,-69.70439173013767,-504.15807357578853,-253.06870050951252,-11.790149806513421,-366.4090230778408
-531.6972583581157,-516.2606010932841,-178.09230394831326,-263.3374669299659,-433.5688575113059,-7.541145861023708
-120.68059745509288,-107.0717605275279,-243.8110404283009,-156.4387304997859,-82.59081275208692,-106.91736939634333
-84.86079321965659,-105.07961747888,-1251.813494407294,-739.7524614057628,-1.5021734331437164,-1225.9545412177556
-190.34685951612033,-206.87218993666903,-286.8272580053118,-207.9851549589152,-60.691300351280844,-117.36968884572427
-786.9154423138384,-815.834715046781,-424.2235164522551,-489.79444851335967,-582.9973915816793,-1.1741107405271773
-892.2444937464726,-843.4752916772302,-137.80819205292184,-363.92391800269553,-709.8252016393758,-15.261318534722404
-163.77835360156575,-192.3790589511295,-263.0965963089523,-158.7106135901814,-106.81351710069582,-70.95945027055944
-450.6366066454903,-475.9361576874068,-76.97122792845218,-118.85848250713772,-340.55351834914467,-51.083796561329564
-438.71232656000427,-429.9591986530265,-144.21247499894756,-235.70311285352898,-338.4316111159786,-14.551025293295321
-810.7554609725355,-786.7699321385365,-256.69889270810785,-403.3620721400665,-648.8948502094789,-1.8863208296235459
-7.588834106147751,-68.67070026814481,-816.5942442561578,-411.9369836627877,-57.27941027719224,-774.2601227856362
-713.2598637337877,-742.251960914209,-328.79235889823525,-387.3470400107958,-560.3314333498005,-1.6763345278127588
-235.30532002531785,-177.4146940892484,-145.23728776330356,-131.34502719986983,-186.22144088016054,-60.02156189992043
-56.062692316988674,-88.67799388567802,-369.994458488516,-185.5498388331376,-31.24126865109511,-227.84729292038543
-55.25153185747784,-78.00914459498892,-431.2070253893451,-225.56920420514533,-19.731959916962815,-309.35574786914214
-893.4779278716526,-877.6441727549235,-323.95507127665445,-489.1387878289369,-693.4102148493942,-0.9010197482577686
-174.20030613716915,-191.2367475947417,-380.21265033541044,-227.60532494239993,-41.098979595625735,-155.12357453551297
-203.9953108608244,-238.86141532734246,-185.05722662747723,-118.1200425585151,-178.57170530698394,-45.31333016636843
-431.2351549493958,-453.8541038168272,-201.9309826865408,-218.33714477061457,-368.0421157789664,-9.643525192849944
-302.27201487661574,-337.7077408945241,-183.8339518065668,-140.59810685018394,-260.40578668316004,-24.504903667022226
-56.13545529407723,-104.4797294212066,-367.4858044477902,-148.38052791520184,-52.34100952260204,-181.90664577038177
-31.757628066142694,-99.2679110001201,-662.927512804873,-340.3056541251987,-12.719936103556995,-488.8089654462914
-50.85257561509688,-88.62134190331147,-1498.416611472942,-839.2618731693022,-4.772528953302475,-1497.7669597000236
-3.779408472725206,-116.68319353144825,-763.6785389510029,-290.47827171925115,-95.90076158811101,-627.2059207926682
-427.0828714771009,-440.51257186629033,-322.88018768905437,-303.7277335680295,-267.6390209549137,-15.017716691034783
-437.21951656301,-476.56045016352186,-303.4239794444264,-265.99285580789353,-312.18638814288994,-10.85019449365851
-1.4845510290688393,-134.31142877763318,-980.3329560357017,-420.2815657916522,-92.87085578154353,-846.1127590267374
-118.5144242827286,-143.40839906572543,-1344.0938338304861,-812.0409623350872,-0.3891193293200692,-1302.3991313360846
-260.57192882357936,-269.37771563705616,-258.8689956909223,-206.33416695319465,-133.87878072393707,-51.39515849158891
-175.67717337620007,-197.91745059700403,-424.00270689926583,-264.1390446616654,-26.54523768873824,-203.02168195370137
-556.402596054639,-578.1755545995157,-284.394001269906,-310.83015071011926,-434.2641273640787,-4.2178534999873944
-124.6795485420507,-109.9531094911786,-248.4902202288236,-172.25472362429298,-30.868872013676985,-210.08307409084844
-59.30170001058134,-82.79108559369651,-341.63540908919515,-186.47785262844027,-42.84125859173938,-198.38475534814876
-109.01724022405118,-115.2792844336012,-291.03048505106256,-139.01704237143954,-69.11593759257754,-118.84186157407488
-52.63895009815075,-75.79569598307661,-995.0648745605283,-564.9771013559757,-4.967974684391035,-990.560697614116
-696.4747461050283,-702.1283159460064,-294.2957168461161,-353.22229984294,-564.5062082127529,-1.9413373233792062
-49.390740446943546,-80.2957768571433,-641.8464052257542,-346.3494302805151,-7.175059044942747,-532.3698178105832
-27.64192179849004,-65.09339168536833,-1292.4525712781979,-702.6524943059736,-13.959888046312662,-1283.5744273230234
-272.64196703246176,-330.43378524676285,-257.27010362694665,-21.69777884225575,-288.86915508948147,-145.05785259305208
-481.15416885593464,-492.86333713496913,-258.8909415948933,-287.6519943232301,-388.2825394287571,-6.083005130888299
-119.60111014631386,-136.9945739941939,-266.67064445141534,-179.9427566342432,-71.83713853286497,-110.14539484285315
-687.7559699296759,-694.8710133715492,-319.75722082712605,-382.3688153553762,-534.6443247516586,-1.9835847615945894
-432.987269853888,-474.65873567117507,-198.2714519910508,-176.46109619080102,-369.280097164167,-12.891282051522975
-260.768426517467,-274.9749231995143,-308.30528807845224,-231.0053849663319,-130.45633419893844,-52.52921712241409
-266.1131680657901,-286.02330361398606,-227.01864472621003,-176.78241460288066,-227.837542999799,-25.475698710953207
-129.44330512482378,-137.16179977351024,-549.0000766243155,-322.97573620444894,-5.868024215990536,-385.14932339808854
-405.0585471290851,-408.73005682010677,-237.98634168881304,-216.5425338169939,-346.32578096103816,-10.429920253528289
-490.55320023396587,-534.5194224830094,-225.9115297651136,-242.70597245333695,-391.50406067496016,-7.594615979383983
-114.20124289440126,-158.01803754034648,-1420.615422485051,-829.5984568880484,-0.41097859461852054,-1322.8636377607254
-7.310116180518446,-129.15893975688581,-1243.5346939877356,-575.3619420996969,-36.245227993071275,-1105.4802447228303
-32.31847782568519,-66.13975644389159,-1062.4623436844875,-589.4861637433135,-11.30176979605158,-1027.4791369589918
-98.30273933321979,-75.15687940404766,-974.0451245539492,-574.4883492633529,-3.5774865872797545,-911.5480020643257
-289.0945789996968,-259.7300784125369,-183.301813774418,-196.6059193999797,-201.2198311647946,-30.25878559701155
-42.51527407703592,-82.32591715338206,-453.13783548787916,-222.84724029755836,-19.761656088767033,-317.45646932344397
-136.47370985424686,-155.21182792136145,-201.20467163197307,-120.03572325700308,-119.88867863679353,-76.34901834815757
-487.35898196956515,-469.5325968135484,-216.40330186085126,-273.9554363137081,-377.2386240396015,-7.436560243869151
-90.82873115855571,-98.3356754258844,-854.0023557711247,-446.6713346045967,-1.7459131659379032,-780.5588110871446
-161.10861029429446,-203.17534883625206,-202.36639391568164,-82.70257572569277,-158.07633638668835,-72.23304726791122
-14.81923144363408,-76.29321847764783,-837.5149665921816,-391.6956072829373,-26.68699035401822,-820.5250616266225
-530.3766009491445,-554.1988228007399,-215.15657538921604,-257.80881582772116,-423.34457814740597,-6.3632377225995
-175.81067500175,-240.8960977502449,-184.6570920677824,-50.363910443174895,-157.76324903644309,-99.82873960651494
-20.970292331297685,-58.09400823665799,-664.596344710823,-345.3474099854437,-22.120651552225926,-580.10198847635
-37.99594761073461,-134.65712080056437,-505.6439298798969,-92.21272764160838,-63.97892154001243,-372.55756464070845
-104.40904413452652,-140.69015652206983,-653.6960556343488,-368.2751792902082,-3.475984483625353,-463.6695466425973
-565.2354106991511,-551.6979124379585,-165.59163912595653,-283.9504785190838,-406.0702695278148,-9.885942593189759
-98.18124020284455,-97.92553674104578,-245.6846336585203,-115.15718198197627,-57.77311344664397,-148.64822981867817
-56.85230601913603,-71.26912879003646,-578.009172823181,-326.17752859850026,-6.730684610494739,-523.2267521050748
-66.95182996389732,-30.124115356660496,-327.4948694355139,-206.4472929227091,-39.03978744802462,-325.38859809209646
-364.1946030852701,-395.245612933266,-224.59694830287714,-202.3651051548058,-286.591216048422,-14.824365800387296
-377.76231479226647,-381.39489889082233,-244.15859539983015,-207.9158411932965,-260.414404154293,-18.196424243390375
-50.278525923199446,-103.24129776496301,-431.52604581367746,-196.20149651247905,-26.881888348902933,-252.61663691318657
-138.66510743415265,-155.80101864437674,-463.6061051307832,-285.6663244923461,-10.949812783808822,-308.4248192735315
-65.53058278026317,-71.94172984661172,-1056.3050292566759,-637.0147518268661,-5.74314677871806,-1036.190352780644
-238.4288245470512,-252.6602365258027,-515.5209116108341,-359.1012665063332,-13.081897349995138,-285.98554912978364
-733.6229426700846,-769.9067632050933,-304.06893492093934,-369.8615209335377,-597.4230374861795,-1.6476978091355086
-87.9825210018615,-116.82085926920917,-826.7797868350792,-485.68238899206943,-1.4047985848646942,-749.6539567526125
-930.6604251258758,-939.7769850306047,-284.0688083512796,-383.25290336409597,-789.1620494664475,-2.225181113547997
-229.46124714310992,-226.2975293841143,-289.0924156049638,-222.1181221602016,-93.28511202609154,-78.7466425194837
-259.13309264027777,-262.7625863557909,-214.93166613788372,-182.47521530996266,-188.477337712827,-32.04498135388082
-599.19409489984,-609.1998531349618,-337.83920245787925,-379.20068668688276,-367.6337432214409,-7.391534272905082
-308.5095282744774,-340.97712717989606,-162.54992981069688,-142.8044088768628,-242.99581004848696,-27.012391069746165
-28.668129951744366,-81.84798392820741,-387.56305932902546,-122.98804960451287,-64.35628018973381,-349.5612960076857
-85.06590647747203,-126.16059927224504,-936.4787264280396,-536.403498116221,-1.3887274630478046,-787.2002946561471
-125.16757820678261,-169.10904540430843,-1013.9079158600985,-602.7746623471143,-0.44212502357326633,-881.88562992774
-511.434042759253,-508.7555984427112,-189.16945479017508,-245.16669093761269,-396.85181603860985,-8.15692517295556
-294.428948324095,-290.1959471013224,-221.46522942959703,-204.37506619029247,-192.34839769430317,-29.9016609625211
-177.5374269377365,-243.38449058538887,-253.5175741980404,-126.93255794508565,-99.16026493989335,-88.09391769178332
-329.10470877682155,-359.01395381214513,-116.04266435027758,-86.41302860599335,-294.275877880679,-46.99331922838498
-135.94626407628988,-141.8430544630994,-275.22406280773214,-166.64090402656478,-62.069479293860574,-117.72066044180778
-328.320547328063,-308.98908675929346,-225.22236780939085,-213.67095101642622,-265.87228812645145,-18.40187719099377
-125.88787444100568,-126.12645434081925,-247.55326934727435,-151.78294877325004,-95.78427128424725,-91.5607328118512
-50.33263242700202,-75.54376101646551,-693.4587846022888,-332.0299789756753,-6.704972867485663,-586.4323546000458
-468.9033019104506,-479.96252383584823,-231.67325304417056,-250.1812000087624,-394.50642599411066,-6.908035871934478
-145.67568723597896,-166.05826003634374,-536.7334196330314,-320.68133781054166,-8.509755984735714,-335.5938669655661
-121.46607756699697,-150.93794172186978,-1284.2920225105245,-772.9593046383104,-0.3336153064791432,-1214.3234775777082
-119.2304089458105,-178.12461974480013,-774.1912384251352,-415.0783693699886,-2.17834090087485,-520.6733150315227
-21.129719898014308,-67.04070571072394,-658.8918700134832,-338.3206984721381,-20.25525632952609,-586.7116063735708
-43.4854545150846,-35.818985305994815,-390.8466843430898,-189.32164968214582,-47.44365027952051,-318.07579315633745
-31.73487997506072,-87.10579505366123,-783.3114731822329,-392.95026437790034,-10.146457686454918,-655.3453721199312
-185.327597281949,-220.52136369036302,-468.0739243464729,-289.3479741729527,-23.75171092579371,-216.54605047454032
-138.39184675466956,-149.5571388500807,-284.75054256137514,-159.03600520921626,-62.6494648066978,-117.51205446867813
-420.11228014845227,-431.589276092849,-273.4981826617578,-259.3835317246497,-302.731435948136,-11.370669660737597
-40.96257309553619,-68.7778363136206,-982.594062063677,-544.7537783504595,-7.823575011512052,-970.0639348641165
-8.307104686271362,-85.11735810108274,-865.2496178955003,-424.9373548951753,-37.437855432806124,-771.5335081274116
-73.93111804355046,-101.35014109529237,-1017.7919500310575,-590.5618479749376,-1.979356049735491,-980.4422478416999
-474.5618159101351,-484.87334680472145,-220.03648030735346,-238.932622628859,-383.3455736221862,-7.732615913044285
-449.27665891184597,-447.0726376727964,-221.53775874169168,-247.42600015549067,-363.85968092231116,-8.231492712358843
-39.284458016078894,-66.67711046125596,-364.2450700497656,-169.4486591327965,-39.08062298403574,-255.9998782078567
-66.96218226002337,-71.88549477971631,-526.9596536878615,-282.0460737985432,-8.385103199547927,-413.02494349301776
-54.195893500682644,-109.15722728899006,-377.81320005953074,-158.3916455045242,-26.6622729289483,-268.74781212513375
-305.8665736483362,-318.8961069148388,-240.2284170726055,-190.64171743466693,-195.6181055323736,-30.036506214282355
-89.56072520342417,-110.79514341800268,-267.40278802489894,-140.27576613187676,-74.53204962631372,-123.24108263549235
-42.430068518717746,-86.49163724562646,-765.5967675514943,-385.2442596049644,-6.763105210355419,-649.4106061543713
-50.62478397192108,-90.9783403283644,-322.62353038195664,-105.5690218916479,-77.19682139847706,-206.48305974270872
-105.2541432315072,-137.30376223002804,-635.294965539613,-370.3863070708638,-2.7756930349201014,-516.2872375934451
-82.11166245400979,-93.46353377392715,-320.92699722852245,-188.56353825319277,-31.06110121859397,-205.67970154701177
-62.38696170301718,-75.90572111274896,-330.90868478319413,-150.35089657658352,-37.855476139596526,-208.4516762310606
-7.34583575495863,-79.79934436722426,-757.1420032331602,-327.79906677144805,-50.35990720046871,-698.0446165939003
-89.03819156282461,-107.94597096312387,-671.5639045993199,-381.13485689372607,-2.89448423988973,-526.8624502953696
